Actin,aMHC,AngII,AP1,AT1R,Ca,cJun,cMyc,Dysgl,ET1,FHL1,Gaq11,GATA4,gp130,IKK,Integrin,JAK,Lmcd1,LTCC,MEF2,MEK47,mTor,NFAT,NFkB,NHE,p38,PI3K,Raf1,Ras,RhoGEF,SERCA,sGC,TRP,Accuracy,Threshold
1,0,1,1,1,0,0,0,0,0,1,1,1,0,1,1,1,0,1,0,0,1,1,1,0,1,0,0,1,0,1,0,0,0.28488372093023256,7
0,1,0,1,0,0,0,0,1,1,0,0,1,1,1,1,1,0,0,0,0,1,1,1,1,0,1,0,1,0,0,0,1,0.22093023255813954,9
0,1,0,1,0,1,1,1,0,1,1,1,1,0,0,0,1,0,1,1,1,1,1,0,0,0,0,0,0,1,0,0,0,0.31976744186046513,7
0,0,1,0,1,0,0,0,1,0,0,0,1,1,0,0,0,1,1,1,1,1,0,1,1,1,0,1,0,0,0,1,1,0.20930232558139536,7
1,1,1,1,0,1,1,0,1,1,0,1,0,0,0,1,1,0,0,0,1,0,0,1,0,1,0,0,1,0,1,0,0,0.5,1
0,1,1,1,0,0,1,1,1,1,0,0,1,0,1,0,0,0,0,0,0,1,1,1,1,1,0,0,0,0,1,0,1,0.19767441860465115,7
0,1,0,1,0,0,1,1,0,0,1,0,1,0,1,0,1,0,0,0,0,0,1,1,0,1,1,1,1,1,1,1,0,0.42441860465116277,1
1,1,0,1,1,0,1,1,1,0,0,1,0,1,0,0,1,1,0,0,1,0,0,1,0,0,0,1,1,0,0,0,0,0.5348837209302325,1
0,0,1,0,1,1,1,1,1,0,1,0,0,0,1,0,0,1,0,1,0,0,1,0,1,0,0,0,1,0,1,0,1,0.29651162790697677,7
0,1,0,0,1,0,1,0,1,0,0,0,0,0,1,0,0,0,1,1,0,0,0,1,0,0,1,0,1,0,1,1,0,0.27906976744186046,9
0,1,0,1,1,1,1,1,0,0,0,1,1,1,0,1,1,1,1,0,0,0,0,0,1,1,0,1,0,1,0,0,0,0.4127906976744186,2
1,0,0,0,0,1,0,0,0,0,0,1,0,0,0,1,1,1,0,1,0,0,1,1,0,1,1,1,0,1,0,0,0,0.4127906976744186,3
0,0,1,1,1,1,1,0,0,0,1,0,1,0,0,0,1,0,1,1,0,1,1,0,1,1,1,1,0,1,0,0,1,0.3953488372093023,6
0,1,0,1,1,0,0,0,0,0,0,1,1,0,1,0,0,0,0,1,0,1,1,1,1,1,1,0,0,0,0,0,1,0.29069767441860467,7
1,1,0,0,0,1,0,1,1,1,1,1,1,0,0,1,1,1,1,1,1,1,0,0,0,0,1,0,0,1,1,0,0,0.42441860465116277,2
1,1,0,0,0,0,0,1,0,1,1,1,0,0,0,0,1,1,0,1,0,1,1,1,1,1,0,1,0,1,1,1,1,0.4476744186046512,3
0,0,1,1,1,0,1,1,0,1,1,0,1,1,1,0,0,0,1,1,1,0,1,0,1,0,1,1,1,0,1,1,0,0.4476744186046512,3
0,0,1,0,0,0,1,1,1,1,1,0,0,1,0,0,0,1,0,1,1,1,0,1,0,1,0,1,0,1,1,1,1,0.27325581395348836,1
1,0,1,0,1,1,1,0,0,0,1,1,1,0,0,1,1,1,0,0,0,0,0,0,0,1,1,0,0,0,1,0,0,0.31976744186046513,8
0,1,1,1,1,0,0,1,0,0,1,0,0,1,0,0,1,0,1,0,0,0,0,1,1,0,1,0,1,0,0,0,0,0.31976744186046513,2
1,0,0,1,0,0,1,0,1,0,1,1,0,0,0,0,1,1,1,0,0,1,1,1,1,0,1,0,1,1,1,1,0,0.3081395348837209,7
0,0,1,0,0,1,0,1,1,1,1,0,1,0,1,1,0,1,1,0,1,1,0,1,1,1,1,1,0,0,1,1,1,0.29069767441860467,5
1,1,0,1,1,1,1,0,1,1,0,1,1,1,1,1,1,1,0,0,1,1,1,0,0,0,0,1,0,1,1,0,1,0.5290697674418605,3
0,0,0,1,1,1,0,0,0,1,0,1,1,0,0,0,1,0,0,0,0,0,1,1,1,1,1,0,0,1,1,1,1,0.4186046511627907,1
1,0,1,1,0,0,0,1,0,1,1,1,1,0,0,1,0,1,1,0,1,1,1,0,1,1,1,1,0,0,0,1,1,0.2441860465116279,8
0,0,0,0,0,1,0,0,0,1,1,0,1,1,1,0,1,0,1,1,0,1,0,0,1,0,0,1,0,1,1,1,1,0.32558139534883723,4
1,1,0,1,0,0,0,1,0,1,0,0,1,1,1,0,0,0,1,1,1,1,1,1,1,1,0,1,1,1,1,1,0,0.3372093023255814,6
0,0,0,1,1,1,1,0,0,1,1,1,1,1,0,1,1,1,1,1,1,0,1,0,0,0,1,1,1,0,0,1,1,0.5465116279069767,4
1,0,1,1,1,1,1,0,0,0,1,1,1,0,1,1,1,1,1,0,1,0,1,1,1,1,0,0,0,1,1,0,0,0.3546511627906977,8
1,0,1,0,1,0,1,1,1,0,1,0,0,1,0,0,0,1,1,1,1,1,0,1,0,1,1,1,0,1,0,1,1,0.313953488372093,7
1,0,1,0,0,1,0,1,1,1,0,1,0,0,0,0,0,0,1,1,0,1,0,0,1,0,0,1,0,1,0,1,0,0.4186046511627907,8
0,1,1,0,0,0,0,0,1,0,0,0,0,0,0,1,0,0,0,1,1,0,0,0,1,1,1,1,0,1,0,1,1,0.2441860465116279,7
0,0,0,0,1,1,1,1,1,0,0,1,1,1,1,1,1,1,0,0,0,0,1,1,0,1,1,0,0,1,0,0,1,0.3430232558139535,7
1,1,1,1,0,0,1,1,1,1,1,0,0,0,0,1,1,0,1,0,0,1,1,0,1,0,1,0,0,1,1,1,1,0.29069767441860467,3
1,0,0,0,1,1,1,1,0,0,1,0,0,1,1,0,1,0,0,0,0,1,1,0,0,0,0,0,1,1,1,1,1,0.36046511627906974,6
0,0,0,1,0,1,1,0,1,1,0,0,1,1,0,1,0,1,1,1,1,0,0,0,0,0,0,1,0,1,0,0,1,0.3081395348837209,4
0,0,0,1,1,1,1,0,1,0,0,0,0,0,0,0,1,0,1,1,0,0,1,0,0,0,0,0,1,1,0,1,0,0.36627906976744184,3
0,0,1,1,0,0,1,0,0,0,0,1,0,0,0,0,1,0,1,0,1,0,1,1,1,0,1,0,1,1,1,0,0,0.29069767441860467,6
0,0,1,0,0,0,1,1,1,0,0,1,0,1,1,0,0,0,1,0,1,0,1,1,1,0,1,1,1,1,0,1,0,0.3313953488372093,5
1,0,0,0,1,1,1,1,0,0,1,0,0,0,1,1,0,0,0,1,0,1,0,0,0,0,1,0,0,1,1,0,0,0.3546511627906977,6
1,1,0,1,0,1,1,0,0,0,1,1,1,1,0,0,0,0,0,0,1,0,1,0,0,1,0,1,1,0,1,0,1,0.36627906976744184,1
1,1,0,0,0,1,1,1,0,0,1,0,1,1,1,0,0,1,1,0,0,1,0,1,1,1,0,0,0,1,1,0,0,0.26744186046511625,2
1,1,0,1,1,1,1,1,0,1,1,1,1,0,1,0,0,1,0,1,0,0,0,0,1,0,1,1,1,1,1,1,0,0.5581395348837209,7
1,1,1,0,1,1,0,0,0,0,0,1,1,1,1,1,1,0,1,0,0,0,0,1,1,0,0,0,0,1,0,0,0,0.37209302325581395,2
1,1,0,0,0,1,0,0,0,0,1,0,1,0,0,1,1,1,0,1,1,0,1,0,0,0,1,0,1,1,1,1,1,0.3313953488372093,5
1,1,0,0,1,0,0,1,0,0,1,0,0,0,1,0,1,0,0,0,1,1,1,1,1,0,0,0,0,0,0,1,0,0.2616279069767442,4
1,0,1,0,0,1,0,1,1,1,1,0,0,1,1,0,0,1,1,0,0,1,1,1,1,0,1,1,0,1,0,0,1,0.38953488372093026,2
1,1,0,1,0,0,1,1,0,1,1,0,1,1,1,0,0,1,0,0,0,1,0,0,0,0,0,1,1,0,0,0,1,0.2441860465116279,6
1,0,1,1,0,1,1,1,1,0,1,1,1,1,0,0,1,1,0,0,1,1,0,0,1,0,0,0,1,0,0,0,1,0.23255813953488372,4
0,1,1,0,1,1,0,0,0,0,1,0,1,0,1,1,0,1,1,0,0,1,0,1,1,1,1,1,1,0,0,0,0,0.46511627906976744,5
0,0,0,1,1,1,0,1,1,0,0,1,0,1,0,1,0,1,1,1,0,1,1,0,0,1,1,0,0,0,1,1,0,0.32558139534883723,4
0,1,1,1,0,1,0,1,0,0,1,0,1,1,1,0,0,0,0,1,1,0,1,0,0,0,1,0,1,0,1,1,1,0.20348837209302326,4
1,1,1,0,1,1,1,1,0,0,0,1,0,0,1,1,1,0,0,1,0,0,1,0,1,1,1,1,0,0,1,0,0,0.38372093023255816,8
1,1,0,1,0,0,1,1,1,0,1,1,1,1,1,1,1,0,1,1,1,1,0,0,1,0,0,1,0,1,1,1,1,0.3546511627906977,1
1,0,1,0,1,1,1,1,1,1,0,0,0,0,1,0,0,1,1,1,0,1,0,0,0,0,0,1,1,1,0,0,1,0.5872093023255814,1
1,1,1,1,0,1,0,1,1,1,1,1,0,0,0,0,1,0,1,0,1,0,0,1,1,0,0,0,1,1,1,1,1,0.5058139534883721,7
0,0,1,0,0,1,0,1,1,0,1,1,1,0,1,1,1,1,1,0,0,0,1,1,0,1,0,1,1,1,0,0,1,0.436046511627907,7
1,1,0,0,0,1,1,0,0,0,0,0,0,0,0,1,0,0,0,1,1,0,1,1,1,1,0,0,0,1,0,1,1,0.2558139534883721,1
0,0,0,0,0,1,1,0,1,0,0,1,0,0,0,0,0,1,1,0,0,1,1,1,1,1,1,1,1,1,1,1,0,0.38372093023255816,5
1,1,0,1,0,1,1,0,0,0,1,0,0,0,1,0,0,1,1,1,1,0,1,0,0,0,1,1,0,1,0,1,1,0.23837209302325582,1
0,0,1,1,1,1,0,0,1,0,1,0,0,1,1,1,1,1,1,0,1,0,0,0,0,1,1,0,1,1,1,0,0,0.42441860465116277,5
0,1,1,1,1,1,1,1,0,0,0,0,0,0,0,1,0,1,1,1,1,0,1,1,1,0,1,1,0,0,1,0,1,0.3081395348837209,7
1,0,0,1,1,1,0,1,0,0,0,1,0,1,1,1,0,0,1,0,1,0,0,1,0,1,1,0,1,0,0,0,0,0.43023255813953487,6
1,0,0,0,1,0,0,0,0,0,0,0,0,0,1,0,1,1,0,1,1,1,1,0,1,0,0,1,1,0,1,1,1,0.47093023255813954,1
0,1,0,0,0,0,0,0,1,0,1,1,1,1,1,1,0,1,1,1,1,0,1,1,1,0,1,0,1,0,0,1,1,0.3023255813953488,2
0,1,0,0,1,1,1,1,0,1,0,0,1,1,1,0,1,1,0,0,1,1,1,0,1,0,1,0,1,0,0,1,1,0.5116279069767442,1
0,0,1,1,1,0,0,1,1,0,0,0,0,0,0,0,0,1,0,1,0,0,1,1,0,1,1,0,1,1,0,0,1,0.38953488372093026,2
1,0,0,1,0,1,0,1,1,1,0,1,1,1,0,1,1,0,1,0,0,0,1,1,1,0,1,0,1,0,0,0,1,0.31976744186046513,7
0,0,1,1,0,0,1,0,0,1,1,1,1,1,1,0,1,1,1,1,1,1,0,0,1,1,1,1,1,1,0,0,1,0.5232558139534884,8
0,0,1,1,1,0,0,0,0,1,0,1,0,1,1,0,0,1,0,0,1,0,1,1,0,0,1,1,1,1,0,0,1,0.38372093023255816,6
1,1,1,0,1,1,0,1,1,1,1,0,1,1,1,0,0,1,1,0,0,1,1,1,0,1,1,0,1,1,1,0,1,0.6337209302325582,1
1,0,1,1,0,1,1,0,0,1,0,1,0,0,1,0,1,0,1,1,1,0,0,1,1,0,0,0,0,0,1,1,0,0.2616279069767442,2
0,0,0,0,0,1,1,0,1,1,0,1,0,1,0,1,0,0,1,1,0,0,0,1,1,1,1,1,1,0,0,0,1,0.313953488372093,4
0,0,0,0,0,0,0,0,0,0,1,0,1,1,0,0,1,1,1,0,0,0,1,0,0,1,0,1,0,1,1,1,0,0.12790697674418605,5
1,1,1,1,0,0,1,1,1,1,1,0,0,0,1,1,1,1,0,0,0,0,0,0,1,1,1,1,1,1,1,0,0,0.46511627906976744,7
0,1,1,0,0,0,1,0,1,1,0,0,0,1,1,0,1,0,0,1,0,0,0,1,1,1,1,0,0,0,0,1,1,0.22674418604651161,6
1,1,1,0,1,0,0,0,1,1,0,1,1,0,0,1,1,1,0,1,0,0,0,1,0,1,0,1,1,1,0,1,0,0.5290697674418605,2
1,1,1,0,0,1,1,1,1,1,0,0,0,1,1,1,1,0,1,0,0,1,0,0,1,0,0,1,1,0,0,0,1,0.29651162790697677,4
0,0,1,0,0,0,1,0,0,1,0,0,0,0,0,0,0,0,0,0,1,1,0,0,0,1,0,0,1,1,0,1,0,0.3313953488372093,1
0,1,0,1,0,1,0,0,1,0,1,1,0,1,1,1,1,1,0,0,0,1,1,1,0,0,0,1,0,0,0,0,0,0.3546511627906977,1
0,0,1,1,1,1,0,1,0,0,0,0,0,1,0,0,1,0,1,1,0,0,0,1,0,0,1,1,0,1,0,0,0,0.313953488372093,5
0,1,1,0,1,1,1,0,1,1,0,1,1,1,0,1,0,1,0,0,0,0,1,1,0,1,0,0,1,0,1,1,1,0.38372093023255816,4
0,0,1,1,0,1,0,1,1,0,0,0,0,0,1,0,1,1,0,1,0,0,0,0,1,0,1,0,0,1,1,1,0,0.23837209302325582,9
0,1,0,0,1,0,1,1,0,0,0,1,1,1,0,1,0,0,1,0,1,0,0,0,1,1,1,1,1,0,1,0,0,0.3546511627906977,6
1,0,0,1,0,1,0,1,1,1,1,1,0,0,1,1,0,1,1,0,1,1,0,0,1,0,0,1,0,1,0,0,1,0.37209302325581395,9
1,1,0,1,0,1,1,0,1,0,0,1,0,0,1,0,0,1,1,1,0,1,0,1,0,0,1,0,1,0,1,0,1,0.25,3
0,0,1,1,1,1,0,0,0,0,1,1,0,0,0,1,0,0,1,0,0,1,1,1,1,1,1,0,1,1,0,1,1,0.5232558139534884,9
1,0,0,1,0,1,1,1,0,0,0,0,0,0,1,0,1,0,0,0,0,0,1,0,1,0,0,1,1,1,0,0,1,0.22674418604651161,8
0,1,1,1,1,1,0,1,1,1,0,0,1,0,1,1,1,1,1,0,1,1,0,0,1,0,1,0,0,1,0,1,0,0.4127906976744186,5
1,0,1,1,1,0,0,0,1,0,0,1,1,0,1,1,1,1,1,1,0,0,1,1,0,0,0,1,0,0,0,1,0,0.27325581395348836,8
1,0,0,0,0,1,1,0,1,0,0,0,1,0,0,1,0,0,0,1,0,1,1,0,0,0,0,0,1,1,0,0,0,0.19186046511627908,8
1,0,1,1,0,0,1,0,1,0,1,0,0,1,0,0,1,0,0,0,1,0,0,1,1,1,1,1,1,1,0,0,0,0.38953488372093026,9
1,1,0,1,0,1,0,0,0,1,1,0,1,0,0,0,0,0,1,1,1,0,1,0,0,1,0,0,1,1,1,0,1,0.3081395348837209,9
1,1,0,0,1,0,1,0,0,1,0,1,1,0,0,0,0,1,0,0,1,1,0,1,1,0,1,1,1,1,1,1,0,0.5348837209302325,2
1,1,0,0,1,0,1,1,0,1,1,1,0,0,1,0,1,1,1,1,0,0,0,1,0,0,0,0,0,0,0,0,0,0.3372093023255814,3
0,1,0,1,0,1,1,1,1,1,1,0,1,1,1,0,0,0,1,0,0,0,0,1,1,0,0,1,1,1,1,0,0,0.3023255813953488,8
0,1,0,0,1,0,1,0,1,1,1,1,1,1,0,1,1,1,0,1,0,0,0,0,0,0,0,1,1,1,1,0,1,0.4883720930232558,5
1,0,0,1,1,0,0,0,1,0,1,1,0,0,0,1,0,0,1,1,0,1,0,0,0,0,1,1,1,1,1,0,1,0.43023255813953487,7
1,1,1,1,0,1,0,0,1,1,1,1,0,0,1,0,0,1,0,0,1,1,1,1,1,0,1,0,1,1,1,0,0,0.5581395348837209,3
1,0,1,1,0,1,1,0,1,1,0,1,1,1,0,0,0,1,1,0,0,1,0,0,1,1,0,1,0,0,1,1,1,0.3081395348837209,4
1,1,0,0,0,0,1,1,0,1,1,0,0,1,1,0,1,0,0,0,1,1,1,0,1,1,1,1,1,0,1,0,0,0.3313953488372093,8
0,0,0,0,0,1,1,1,1,0,1,1,1,1,0,0,0,1,0,1,1,1,0,0,1,1,0,0,1,1,1,1,1,0.38372093023255816,7
1,1,1,0,1,0,0,1,1,1,0,0,0,0,0,0,1,1,1,0,1,0,1,1,0,0,0,1,1,1,0,1,1,0.436046511627907,9
0,0,0,0,0,1,0,1,1,1,0,1,1,1,0,0,0,0,1,1,1,1,0,0,1,0,1,1,0,1,0,0,0,0.36046511627906974,9
1,0,0,1,1,0,0,1,1,0,1,0,0,0,1,0,0,1,1,1,1,1,1,0,1,0,1,0,1,0,0,0,0,0.3372093023255814,7
0,0,1,1,0,0,1,0,0,0,1,0,1,1,0,1,0,0,0,0,0,0,1,1,0,0,1,1,1,1,0,1,0,0.23255813953488372,4
1,0,0,1,0,1,1,1,1,1,0,0,1,1,1,0,1,0,0,0,0,0,0,0,0,0,1,0,0,1,0,1,0,0.3313953488372093,5
1,0,1,1,1,1,1,0,1,1,0,0,1,0,1,1,1,0,0,1,1,1,0,1,1,0,0,1,0,0,0,0,1,0.436046511627907,3
0,0,1,0,1,0,1,0,0,1,1,0,1,1,0,0,0,1,0,1,1,1,1,0,0,0,0,1,1,0,1,1,0,0.45348837209302323,3
0,1,1,1,0,1,1,0,1,1,0,1,1,1,1,0,0,0,0,1,1,0,1,1,1,0,0,0,1,1,0,1,1,0.4127906976744186,6
0,1,0,0,1,0,1,0,1,1,1,0,0,0,0,0,1,1,0,1,1,1,0,0,1,1,1,1,1,1,0,1,1,0.5348837209302325,4
0,1,0,1,0,0,0,0,0,0,0,1,0,0,1,0,0,1,0,1,1,1,0,0,1,0,0,1,1,1,0,1,0,0.32558139534883723,1
0,1,1,0,1,1,1,0,1,0,1,0,0,0,1,1,1,0,1,0,0,0,0,1,0,1,0,1,1,0,1,1,0,0.37790697674418605,6
1,1,1,0,1,0,0,1,1,0,1,1,0,1,0,1,0,0,0,0,0,1,0,0,1,1,0,0,1,0,0,0,1,0.313953488372093,8
1,0,1,0,0,1,0,1,1,1,0,1,1,1,0,1,1,0,0,1,0,1,1,0,1,0,1,0,0,1,0,0,1,0.37790697674418605,2
0,1,0,0,1,0,1,0,0,1,0,0,0,0,0,1,1,0,0,0,1,0,0,0,1,1,1,0,0,0,0,0,1,0.3023255813953488,4
1,0,1,1,1,0,1,0,0,1,1,0,0,0,1,0,1,0,0,0,1,0,1,1,1,0,0,1,1,1,1,1,1,0.48255813953488375,8
1,1,1,0,1,0,1,1,1,1,0,0,0,0,1,0,1,0,0,0,1,1,0,1,1,1,0,0,1,0,1,1,1,0.45930232558139533,1
1,0,0,0,1,0,1,1,0,0,0,0,1,1,1,1,0,1,0,1,1,0,1,1,0,0,1,0,0,0,0,0,0,0.31976744186046513,3
1,1,1,0,0,1,0,0,0,1,0,1,1,0,0,1,0,1,1,0,0,1,0,1,1,0,0,1,1,1,0,0,0,0.4186046511627907,2
0,0,0,1,1,1,1,1,1,0,0,0,1,0,0,0,1,0,0,1,0,1,0,0,0,0,1,1,1,1,1,1,1,0.4476744186046512,6
0,1,1,1,0,1,1,0,0,1,0,0,0,0,0,0,1,1,0,0,1,0,0,1,0,0,1,1,1,0,0,1,1,0.36046511627906974,2
1,1,1,1,1,1,1,1,0,0,1,1,1,0,0,0,1,0,1,0,0,1,0,0,1,0,0,0,0,0,1,1,0,0.25,9
0,1,0,0,0,0,1,0,1,1,0,0,0,0,1,0,0,1,0,1,1,1,0,1,1,1,1,0,0,0,1,1,1,0.23837209302325582,4
0,1,1,0,1,1,1,0,1,1,0,1,0,0,0,1,1,1,1,0,0,1,1,0,1,1,1,0,0,0,1,0,0,0.3023255813953488,8
0,0,0,1,0,0,0,1,0,0,1,0,1,0,1,0,1,0,0,1,1,0,1,1,1,0,0,0,1,1,0,1,1,0.2441860465116279,8
1,1,0,1,1,0,1,0,1,0,0,0,0,0,0,1,0,0,1,1,1,1,0,1,1,1,1,0,0,0,1,1,0,0.29069767441860467,9
0,0,1,1,1,0,1,0,1,1,1,1,0,0,1,1,1,1,0,0,0,1,0,1,0,0,1,1,0,0,0,0,1,0.3023255813953488,7
0,1,0,0,1,1,1,1,0,1,1,1,1,1,1,0,1,1,0,1,1,0,1,1,1,0,0,0,0,1,1,1,0,0.37790697674418605,9
0,0,0,0,1,1,0,1,1,0,1,0,0,1,1,1,0,1,0,1,0,0,0,1,0,1,1,1,1,0,0,1,0,0.47674418604651164,4
0,1,0,0,1,1,0,1,1,1,0,0,0,0,1,0,0,0,1,0,0,1,1,0,0,0,1,1,0,0,0,0,0,0.31976744186046513,7
0,0,1,1,1,0,0,0,0,0,0,0,1,1,0,0,0,0,1,0,1,0,0,0,0,0,1,1,1,0,1,0,0,0.3430232558139535,1
1,1,0,1,1,0,1,1,1,0,1,0,1,0,1,0,1,1,1,0,0,1,0,1,0,0,0,0,1,1,0,0,1,0.36627906976744184,3
0,1,1,0,1,0,0,1,0,1,0,0,0,0,1,1,1,1,0,0,0,1,1,1,0,0,0,1,1,1,1,1,0,0.4883720930232558,1
0,0,1,0,1,1,0,0,1,0,1,0,1,1,1,1,0,0,0,1,0,0,1,1,1,1,1,1,1,0,0,0,0,0.4127906976744186,7
1,0,1,1,1,1,1,0,1,1,1,1,1,1,0,0,1,1,0,1,1,1,0,0,0,0,1,0,1,0,0,0,1,0.5581395348837209,5
0,1,1,0,1,1,1,1,1,0,1,0,0,1,0,0,1,1,1,1,0,0,1,1,0,0,1,1,1,1,0,1,0,0.5813953488372093,1
0,1,1,1,1,0,0,1,0,1,0,0,1,1,0,0,1,0,1,1,0,1,1,0,1,0,0,1,1,0,0,0,1,0.45930232558139533,1
1,1,0,0,1,0,1,0,0,0,0,0,0,0,0,0,1,0,0,1,1,0,0,1,1,0,0,1,0,0,1,0,0,0.20348837209302326,8
0,1,1,1,0,1,0,0,0,0,0,1,1,0,0,0,0,0,0,0,1,1,1,0,1,1,1,1,0,0,0,0,1,0.29651162790697677,6
0,0,1,0,1,0,1,0,1,0,0,0,1,1,1,0,0,0,1,1,0,1,0,0,0,0,1,1,1,1,0,1,0,0.4011627906976744,1
1,0,0,1,1,0,0,0,1,1,0,0,1,1,0,1,0,1,1,1,0,1,1,0,1,1,0,1,0,1,0,0,1,0.38372093023255816,4
0,1,0,1,1,1,0,0,0,1,0,1,0,0,1,0,1,1,1,0,0,1,1,0,0,0,0,0,0,1,1,0,1,0.37790697674418605,4
1,0,1,0,1,1,0,1,0,0,0,1,0,0,0,0,0,0,0,0,0,1,0,0,0,1,0,0,0,1,1,0,1,0.36046511627906974,3
0,0,1,0,0,1,0,0,0,0,1,0,1,1,0,0,0,1,0,0,1,0,0,0,0,0,1,1,1,1,0,1,1,0.27325581395348836,5
1,1,0,1,1,1,0,0,1,1,0,1,1,1,1,0,1,0,1,1,0,1,1,0,1,1,1,1,1,0,0,0,0,0.5465116279069767,5
1,0,0,0,1,0,0,0,1,0,0,0,0,0,0,1,0,1,1,1,1,0,1,1,0,1,0,1,1,0,0,1,1,0.36627906976744184,4
0,1,0,1,1,1,1,1,1,1,1,0,0,1,0,0,0,0,1,1,1,0,0,0,1,0,0,1,0,0,0,1,1,0.3372093023255814,8
1,0,1,0,0,0,1,1,0,1,1,1,0,0,1,1,0,0,0,0,1,1,1,0,0,1,0,1,1,0,0,0,1,0.29651162790697677,6
1,0,1,1,1,0,1,0,1,1,0,0,0,0,0,1,0,1,1,0,1,0,0,0,1,0,1,1,1,1,1,1,1,0.4941860465116279,4
0,0,0,0,0,1,1,0,1,1,1,1,1,0,0,0,1,1,1,1,1,0,0,1,0,0,0,0,1,0,0,1,0,0.3313953488372093,8
0,1,0,0,0,0,1,0,1,1,1,1,0,1,0,0,1,1,0,0,0,1,1,1,0,0,1,1,0,1,0,0,1,0.3081395348837209,2
1,0,1,1,1,1,1,1,1,0,0,0,1,1,1,1,0,0,1,0,0,1,0,1,1,1,0,1,1,0,1,0,0,0.3953488372093023,4
1,0,0,1,1,0,0,1,0,1,0,1,0,0,0,0,0,0,1,0,0,1,1,1,1,0,0,0,1,0,1,1,1,0.4069767441860465,1
1,1,0,1,0,0,1,1,1,1,0,0,0,0,1,0,1,1,0,1,0,0,0,1,0,0,1,0,1,0,0,1,1,0.26744186046511625,4
0,0,0,0,1,0,1,0,0,1,0,1,0,1,0,0,0,1,0,0,1,0,1,0,0,0,1,1,0,0,0,1,0,0.18023255813953487,5
1,1,0,0,1,1,1,0,0,1,0,0,1,1,0,1,0,0,0,1,1,0,1,1,1,1,1,0,0,0,0,1,0,0.3313953488372093,5
0,1,0,0,1,0,1,1,1,0,0,0,0,0,1,1,1,0,0,1,0,1,0,0,1,1,1,0,0,1,0,0,0,0.313953488372093,5
1,0,0,0,0,0,1,1,0,1,1,0,1,1,0,1,0,0,1,0,1,1,1,1,0,1,0,0,0,1,1,1,1,0.2441860465116279,6
0,0,1,0,1,0,0,1,0,1,1,0,0,0,1,0,0,0,0,1,1,1,0,0,1,0,1,1,0,0,0,0,0,0.36046511627906974,1
0,1,0,0,0,0,1,1,0,1,0,1,0,0,0,1,1,0,0,0,1,1,1,1,0,1,1,0,1,1,1,1,1,0.38372093023255816,7
0,0,0,1,0,1,0,0,0,0,0,1,0,1,1,0,0,0,0,0,1,0,0,0,0,1,1,0,0,1,0,1,1,0.313953488372093,1
0,1,0,0,1,1,0,0,1,1,1,0,1,0,1,0,0,1,0,1,1,1,1,1,0,0,1,1,0,1,0,0,1,0.4941860465116279,4
1,0,1,0,1,1,1,0,1,0,1,0,0,0,0,0,1,1,0,0,0,0,1,1,1,0,1,1,0,1,1,1,0,0.43023255813953487,7
1,1,0,1,1,0,1,1,1,1,1,1,1,0,0,1,1,1,0,1,0,1,0,1,1,1,0,1,1,1,0,1,0,0.563953488372093,2
0,1,0,1,0,0,1,1,1,0,1,0,1,0,1,0,1,1,1,0,0,1,0,0,1,0,0,1,1,1,1,0,0,0.2616279069767442,4
0,0,1,1,0,1,0,0,0,0,0,1,0,0,1,1,0,0,0,0,1,1,0,1,0,1,0,0,0,1,0,1,0,0.3023255813953488,4
1,1,0,1,1,0,0,0,1,1,1,0,0,0,0,1,0,1,1,0,0,1,1,0,1,1,1,1,1,0,0,1,1,0.4476744186046512,6
0,0,1,1,1,0,1,0,0,1,1,1,1,1,0,1,1,0,0,0,1,0,0,1,0,0,1,0,1,0,0,0,1,0.4011627906976744,3
0,0,0,0,1,1,1,1,0,1,1,1,0,0,0,1,0,1,1,0,1,1,0,0,1,0,1,1,1,0,1,1,1,0.4418604651162791,9
0,1,0,1,1,0,0,1,0,0,0,1,0,1,1,1,1,1,0,0,0,1,1,1,0,1,0,1,1,1,0,0,1,0.47093023255813954,2
1,0,0,1,1,1,1,1,1,0,1,0,0,1,0,1,0,1,0,1,0,0,0,0,0,1,0,1,1,0,0,1,0,0.5348837209302325,1
1,0,0,0,0,1,0,0,0,1,1,1,0,0,0,0,0,1,1,1,1,0,1,0,1,1,1,0,0,1,1,0,0,0.32558139534883723,8
0,0,1,0,0,0,1,0,1,1,0,1,1,0,1,1,1,1,1,0,0,1,0,1,1,0,0,1,0,0,1,1,0,0.19767441860465115,9
0,0,1,0,1,0,1,1,1,1,1,1,1,1,0,1,0,0,0,1,0,0,1,1,0,0,1,1,1,0,1,1,0,0.47674418604651164,1
1,0,0,1,1,1,1,0,0,1,1,1,1,1,0,0,0,0,0,1,1,0,1,0,0,0,0,0,1,0,0,1,1,0.5116279069767442,3
1,0,1,1,1,1,1,1,1,0,0,0,1,0,1,0,1,0,0,0,0,0,1,0,0,1,1,1,1,0,1,0,0,0.47674418604651164,5
0,1,0,1,1,0,1,0,1,1,1,1,1,0,1,1,0,1,1,1,0,0,0,0,0,0,1,1,0,1,0,1,1,0.23837209302325582,3
1,0,0,0,0,0,0,0,1,0,0,1,1,1,1,0,1,0,1,1,0,1,1,1,1,0,0,1,0,1,0,0,1,0.36046511627906974,1
0,0,0,0,0,1,0,1,0,1,1,0,0,0,0,1,1,0,0,1,0,0,1,0,1,1,0,0,1,1,1,1,0,0.36627906976744184,3
0,1,1,1,0,0,1,0,0,0,0,1,1,0,1,0,1,1,0,1,1,1,0,0,0,0,1,1,1,0,0,1,0,0.3430232558139535,1
1,1,0,0,1,1,1,0,0,1,1,1,0,1,0,0,0,1,0,1,1,0,1,0,1,1,0,0,1,1,1,1,0,0.6104651162790697,2
1,1,1,1,1,1,1,1,0,0,0,0,1,0,0,0,1,0,0,0,1,0,0,1,1,1,1,0,0,0,1,1,1,0.32558139534883723,3
1,1,0,0,0,0,0,1,0,0,1,0,0,0,1,0,0,1,0,1,0,1,0,0,0,0,1,1,1,0,1,0,0,0.1744186046511628,9
0,0,1,0,1,1,0,1,1,1,1,0,0,0,1,0,0,0,0,0,1,1,0,0,0,1,1,1,0,0,1,0,0,0.4476744186046512,3
0,1,1,1,0,0,0,1,0,0,1,1,0,0,1,0,0,0,1,0,1,1,0,1,0,1,1,1,1,1,0,0,1,0.3488372093023256,3
1,1,1,1,1,0,1,0,0,0,0,1,0,0,1,1,0,1,1,0,0,1,1,0,1,0,0,1,0,0,0,0,1,0.29069767441860467,7
1,1,0,0,0,0,1,1,0,1,1,0,0,1,1,0,0,1,0,0,1,1,0,1,1,0,0,1,0,1,1,0,1,0.25,5
1,1,1,1,1,0,1,1,0,0,0,1,1,0,1,0,1,0,1,0,1,1,0,1,1,0,1,0,0,0,0,1,1,0.29069767441860467,7
0,0,0,0,0,1,0,1,1,0,0,0,0,0,0,0,0,1,0,0,1,1,0,1,1,1,1,0,0,1,0,1,0,0.28488372093023256,7
0,0,1,0,1,0,0,1,0,0,0,1,0,1,0,0,1,1,0,1,1,0,1,1,0,0,1,1,0,1,0,0,0,0.3313953488372093,5
0,0,0,0,1,1,0,1,0,1,0,0,1,1,1,0,0,1,0,1,0,0,0,0,1,1,0,0,0,1,0,1,0,0.32558139534883723,8
0,1,1,0,1,1,1,0,1,1,0,1,1,1,0,0,1,0,0,1,1,1,1,0,0,0,0,1,0,0,0,0,0,0.38372093023255816,2
1,0,1,0,1,1,0,0,1,0,0,0,1,1,1,0,0,0,0,1,1,1,1,1,1,0,1,1,0,0,1,1,1,0.36627906976744184,3
1,0,1,0,1,0,1,0,1,1,0,0,0,1,0,0,0,1,1,0,1,1,0,1,0,0,0,0,0,0,1,1,1,0.27906976744186046,6
1,0,1,0,1,0,1,0,1,1,1,1,1,0,1,0,0,0,0,0,0,1,0,1,0,0,0,1,1,1,0,1,0,0.5058139534883721,6
0,1,1,0,1,1,0,0,1,1,0,0,1,0,1,1,0,1,1,0,0,0,1,1,0,1,1,0,1,1,0,1,0,0.46511627906976744,4
0,1,1,0,0,0,1,1,0,1,0,1,1,1,0,0,0,1,1,1,0,1,0,0,1,1,0,1,0,0,1,0,0,0.1686046511627907,8
1,0,1,0,1,0,1,1,0,1,1,0,1,1,0,0,1,0,1,0,0,0,1,1,0,0,0,1,0,1,0,1,1,0.4476744186046512,7
1,1,0,0,0,1,0,1,0,1,1,1,0,0,0,1,0,1,0,0,1,0,0,0,0,0,0,0,1,0,0,1,0,0.29069767441860467,3
1,1,0,0,1,1,0,0,0,0,1,1,1,0,0,0,1,0,1,0,0,0,0,0,0,1,1,1,1,1,0,0,0,0.5988372093023255,5
1,1,1,1,1,0,1,0,0,1,0,1,0,1,0,1,0,0,0,1,1,0,0,1,0,0,0,1,1,1,0,1,1,0.5058139534883721,7
0,1,0,1,0,0,0,0,1,1,1,1,0,0,1,1,0,0,1,1,0,0,1,0,1,0,1,1,1,1,1,0,1,0.313953488372093,3
1,1,1,0,1,1,0,0,0,1,0,1,0,0,1,0,0,0,0,0,0,0,1,0,1,1,1,1,1,1,1,0,0,0.5988372093023255,6
1,0,0,1,1,0,0,0,0,1,1,0,1,1,1,0,1,1,1,1,0,0,0,1,0,1,0,1,1,0,1,1,0,0.47674418604651164,2
0,0,1,0,1,1,0,0,1,0,0,0,0,0,1,1,0,1,1,0,0,0,1,0,0,0,1,0,1,0,1,0,1,0.313953488372093,6
0,1,0,0,0,1,0,1,1,1,1,0,0,1,1,0,1,1,1,0,0,0,0,1,0,1,0,1,1,0,1,1,1,0.27906976744186046,8
1,0,0,0,1,1,1,0,0,1,1,0,1,0,0,1,0,0,0,1,1,0,1,1,1,1,1,1,0,1,0,1,1,0.4941860465116279,4
1,0,0,0,1,0,1,0,0,1,0,1,0,1,1,1,0,0,0,0,1,1,0,0,1,1,0,0,1,1,0,0,1,0.46511627906976744,2
1,0,0,1,1,1,0,1,0,1,0,1,1,1,0,1,1,1,1,1,1,0,1,1,1,1,0,1,0,1,0,1,1,0.5232558139534884,7
0,0,1,0,1,0,0,0,1,0,0,1,0,1,0,1,1,1,0,0,1,1,0,0,0,1,0,0,1,1,0,0,1,0.45348837209302323,1
0,0,0,1,0,1,0,0,0,1,0,1,1,1,0,1,0,1,0,0,1,1,0,0,1,1,1,0,1,1,1,1,1,0.46511627906976744,2
0,0,0,1,0,1,0,1,0,1,1,1,0,0,0,1,1,1,0,1,0,1,0,1,0,0,0,0,0,1,1,0,1,0.36046511627906974,4
1,1,0,0,0,1,0,0,0,0,0,0,0,0,1,0,1,0,0,1,1,0,0,0,0,1,1,0,0,1,0,1,1,0.27325581395348836,8
1,1,1,1,0,1,1,1,1,0,1,1,0,0,1,1,0,0,1,1,0,1,0,0,1,0,1,0,1,1,1,0,0,0.37209302325581395,5
0,0,1,1,1,1,1,0,1,1,0,0,0,1,0,0,0,1,0,0,1,0,0,1,0,1,0,1,0,1,1,0,1,0.37209302325581395,6
0,0,0,0,1,0,0,1,1,0,0,0,0,0,0,1,1,0,0,0,0,1,0,0,0,1,1,0,1,0,0,0,0,0.3430232558139535,7
0,1,0,0,1,1,1,0,0,0,1,1,1,0,1,0,0,0,1,1,1,0,1,1,0,0,0,1,1,1,0,1,1,0.5465116279069767,4
1,0,0,0,1,1,1,0,1,1,0,1,0,0,0,1,0,1,1,1,0,0,0,0,0,0,0,0,1,1,0,0,1,0.5581395348837209,1
1,1,0,0,1,0,0,0,1,1,0,0,1,1,1,0,1,0,0,0,0,0,1,1,0,0,0,1,1,1,0,0,0,0.4186046511627907,8
0,0,1,0,0,0,1,0,0,1,1,0,1,0,0,0,1,0,0,0,0,0,0,0,0,0,0,0,0,1,0,1,1,0.26744186046511625,4
1,0,0,0,0,1,1,1,1,1,1,1,1,0,0,0,1,1,1,1,0,0,1,0,0,0,1,0,0,0,1,1,1,0.27906976744186046,6
1,1,1,1,1,0,1,1,1,0,0,0,1,0,1,1,1,1,1,0,1,0,1,1,1,1,0,0,0,0,1,0,0,0.25,6
0,1,0,1,1,0,1,0,1,1,0,1,1,0,1,1,1,0,0,0,0,1,0,0,0,1,0,0,0,1,0,1,0,0.38953488372093026,1
1,0,0,1,1,0,0,0,0,1,1,1,0,0,1,1,1,1,1,1,1,1,0,1,0,0,0,1,0,0,0,1,1,0.5232558139534884,1
0,1,0,1,0,0,1,0,0,1,1,0,0,0,0,0,1,1,0,0,1,0,1,1,0,0,0,0,1,0,0,0,1,0.28488372093023256,1
0,1,0,1,1,0,0,0,1,1,1,0,1,1,0,0,0,0,0,0,1,0,0,0,0,1,0,1,0,1,0,1,1,0.3081395348837209,7
0,0,0,0,1,0,1,0,0,0,0,0,1,0,0,0,0,0,0,0,1,0,0,1,0,1,1,1,0,0,0,1,0,0.20348837209302326,4
0,0,0,1,1,1,1,0,1,0,1,1,0,0,1,1,0,0,0,1,1,1,0,0,1,1,1,0,0,1,1,0,0,0.3488372093023256,6
1,0,0,1,0,0,0,0,1,0,1,1,0,0,0,1,0,0,1,0,1,0,0,1,1,1,0,0,0,1,1,0,0,0.27325581395348836,5
0,1,1,0,1,1,1,0,1,0,1,0,1,1,0,0,0,1,1,1,0,0,0,1,0,0,1,0,1,0,0,0,1,0.36627906976744184,4
0,0,0,1,1,1,0,0,0,1,0,1,0,0,0,1,0,0,0,0,0,0,0,1,0,0,0,0,1,0,0,0,1,0.313953488372093,5
0,1,1,0,1,1,0,1,1,0,0,1,0,1,0,0,0,1,0,0,1,0,0,0,0,1,1,0,1,0,1,1,0,0.3546511627906977,8
0,0,0,0,1,0,1,1,1,1,0,1,0,1,1,1,0,1,0,0,1,0,1,0,1,0,0,1,0,0,1,1,0,0.36627906976744184,1
0,1,0,0,0,1,1,0,0,1,1,0,1,1,0,1,0,1,0,0,0,0,1,1,0,0,1,0,1,0,1,0,0,0.22093023255813954,8
1,1,0,0,1,0,1,1,0,1,1,1,1,0,1,1,1,0,1,0,0,0,1,1,1,0,1,0,1,1,1,1,0,0.37209302325581395,2
1,1,0,0,0,0,1,0,0,1,0,1,1,0,0,0,0,0,0,0,0,0,0,1,1,0,1,0,1,0,0,1,0,0.28488372093023256,1
1,1,0,1,0,1,1,0,0,0,0,0,1,0,1,0,0,0,1,0,0,0,1,1,0,1,1,1,1,0,1,0,1,0.22093023255813954,1
1,0,0,0,0,0,0,0,1,1,1,0,1,1,0,0,1,1,0,0,1,0,1,0,1,0,0,0,0,1,0,1,0,0.28488372093023256,2
1,0,1,1,0,1,1,0,1,1,0,0,1,1,0,0,0,1,1,0,0,1,0,1,1,1,0,1,0,1,1,0,1,0.2616279069767442,9
0,0,0,1,0,1,1,0,1,1,0,0,1,0,1,1,1,1,0,0,0,1,0,0,1,0,1,0,0,1,1,1,1,0.3023255813953488,2
1,1,1,0,1,0,1,1,0,1,1,1,1,0,1,0,0,0,0,0,0,0,0,1,0,1,0,1,1,0,0,1,1,0.4011627906976744,7
1,1,1,1,1,1,0,1,0,1,0,0,0,0,1,0,0,0,1,0,1,1,1,0,1,1,0,0,1,1,1,1,1,0.46511627906976744,8
1,1,1,0,0,0,0,0,1,1,0,0,1,1,1,0,0,0,1,1,0,0,0,1,0,0,1,0,0,1,1,0,1,0.2616279069767442,8
1,1,1,0,1,1,0,1,1,0,0,1,0,0,1,1,1,1,1,0,0,0,1,0,1,0,0,1,1,1,1,0,1,0.46511627906976744,8
0,1,1,0,1,0,0,0,0,0,0,0,0,1,0,1,0,1,1,1,0,0,0,0,0,0,1,1,1,0,1,0,1,0.3372093023255814,2
1,0,0,1,1,1,0,1,0,0,1,0,0,1,0,1,0,0,0,0,0,1,1,1,0,1,1,1,1,1,0,1,0,0.6104651162790697,4
1,0,1,1,1,0,1,1,1,0,0,0,0,1,1,1,1,0,1,1,0,0,1,1,1,1,0,1,1,0,0,1,1,0.3488372093023256,7
1,0,1,1,1,0,0,1,1,0,1,0,1,1,1,1,0,1,0,1,0,0,0,0,0,1,1,1,1,1,1,0,1,0.45930232558139533,6
0,1,1,0,1,0,1,1,1,0,0,1,1,1,0,1,0,1,1,0,0,1,1,0,0,0,1,0,1,0,0,1,0,0.313953488372093,5
0,1,1,1,0,1,1,0,1,1,0,1,0,1,0,1,1,0,0,1,0,1,0,0,0,0,0,0,1,1,1,1,0,0.43023255813953487,2
1,0,0,0,1,1,0,0,1,0,1,1,1,1,1,1,0,1,0,1,1,1,0,0,1,0,0,0,1,1,0,0,0,0.5290697674418605,7
1,1,1,0,0,1,1,0,1,0,1,0,1,0,0,1,0,1,1,1,0,0,1,1,0,0,1,0,1,1,0,1,1,0.28488372093023256,5
0,0,0,0,1,1,0,0,1,0,0,0,1,1,0,0,0,0,1,0,1,1,0,1,0,0,0,0,0,1,0,0,0,0.3372093023255814,1
1,1,1,0,1,0,0,0,0,0,0,0,0,1,0,1,0,1,0,1,0,1,0,1,0,0,0,0,0,0,0,0,1,0.27325581395348836,6
1,0,1,1,1,1,1,1,1,0,0,0,0,0,1,0,0,0,1,0,1,0,0,1,0,1,0,1,0,1,1,0,1,0.3953488372093023,2
1,1,0,1,1,0,1,1,1,0,0,1,1,0,1,1,1,0,1,0,0,0,0,0,0,1,0,1,1,1,1,1,1,0.5813953488372093,1
0,1,1,1,0,1,0,0,1,1,0,0,1,1,1,0,0,1,1,0,1,1,1,0,1,1,1,0,1,1,1,0,1,0.2558139534883721,8
0,0,1,0,0,1,0,1,1,1,1,1,1,1,0,0,0,0,1,1,1,1,0,1,1,1,0,1,1,0,1,1,0,0.37209302325581395,3
0,1,0,1,1,1,1,1,0,1,1,1,1,0,1,0,1,1,1,0,0,1,1,1,1,1,0,1,0,0,1,0,0,0.37209302325581395,7
0,1,0,0,1,0,1,0,0,1,1,0,1,0,1,1,1,1,1,1,1,0,1,1,1,1,0,1,1,1,0,0,1,0.5116279069767442,3
0,1,1,1,1,1,1,1,1,1,1,1,0,0,0,1,1,0,1,0,1,1,1,0,1,1,1,0,1,1,1,1,0,0.5872093023255814,6
0,0,1,1,1,1,1,0,1,1,1,0,1,1,1,0,1,1,1,1,0,0,0,1,0,1,0,0,0,0,0,1,1,0.29651162790697677,4
0,1,0,0,0,0,1,0,1,1,0,1,1,1,0,0,1,0,1,1,1,0,1,1,0,0,1,1,1,0,1,1,0,0.313953488372093,4
1,0,0,1,0,0,1,1,0,1,0,0,1,1,1,0,0,0,1,1,1,1,1,1,1,0,0,1,1,0,0,1,1,0.22674418604651161,6
1,1,0,0,1,0,0,0,1,1,0,0,0,1,0,0,1,0,1,1,0,1,0,0,1,1,0,0,0,0,0,1,0,0.25,9
1,0,0,1,0,0,1,1,0,0,1,1,0,1,0,0,0,1,1,0,1,1,1,0,1,1,0,0,1,0,0,0,0,0.18023255813953487,5
0,1,0,0,1,0,0,0,0,1,1,0,0,1,1,0,0,0,1,1,0,0,1,1,1,1,0,0,0,0,1,0,1,0.2616279069767442,6
0,0,0,0,0,1,1,1,0,0,0,0,0,1,0,0,1,1,0,0,1,0,1,0,1,1,1,1,1,1,0,1,0,0.313953488372093,6
1,1,0,0,1,1,0,0,0,0,0,1,1,1,0,0,0,1,1,0,0,0,0,1,0,1,0,1,0,1,0,1,1,0.43023255813953487,7
1,0,0,1,0,1,0,1,0,0,1,0,0,1,0,1,0,0,0,1,1,1,0,0,0,0,1,1,1,1,1,1,0,0.313953488372093,8
1,0,1,0,0,1,0,0,0,1,1,1,0,1,1,0,0,1,1,1,1,0,0,0,1,1,0,0,0,1,0,1,1,0.313953488372093,9
1,1,1,1,1,0,0,0,1,1,0,0,0,1,1,1,1,1,0,0,0,0,0,0,0,1,0,1,1,1,0,0,1,0.5232558139534884,2
1,0,0,1,1,1,0,1,0,0,1,1,1,0,0,1,1,0,0,0,1,1,0,1,0,1,0,0,0,1,1,0,0,0.4069767441860465,3
1,1,0,0,1,1,1,1,1,0,0,0,1,0,1,0,1,1,1,0,0,0,0,1,0,1,1,0,0,1,1,1,1,0.36046511627906974,2
1,0,0,0,1,0,0,0,0,0,0,0,1,1,0,1,1,1,1,1,0,0,1,0,1,0,0,0,1,1,1,1,1,0.28488372093023256,8
0,0,0,1,1,1,1,0,0,1,1,1,1,0,1,1,1,1,0,0,0,0,0,0,1,1,0,0,1,1,0,0,0,0.5581395348837209,8
1,0,1,0,1,0,0,1,1,0,0,1,0,1,1,0,1,1,1,1,1,1,0,0,0,1,0,1,0,1,1,0,1,0.5,2
1,1,1,0,1,1,1,1,0,1,0,1,1,1,0,0,0,1,1,0,1,1,0,0,1,1,0,1,1,1,1,1,1,0.6104651162790697,1
0,1,1,0,0,0,0,1,0,1,0,0,1,0,1,1,0,1,1,0,1,0,1,1,1,0,1,0,1,0,0,1,1,0.28488372093023256,2
0,1,0,0,1,1,1,0,0,0,1,0,0,1,1,1,0,0,0,0,0,0,0,1,0,0,1,1,0,1,0,1,0,0.3953488372093023,3
1,1,0,1,0,1,1,0,1,0,0,0,0,0,0,0,0,0,1,0,0,1,0,0,0,1,0,1,1,1,1,0,0,0.26744186046511625,3
0,1,1,1,0,0,0,1,0,0,1,0,0,0,0,0,1,1,1,0,0,1,1,1,0,1,0,1,1,1,0,1,1,0.27325581395348836,5
0,0,0,1,1,0,1,0,0,1,1,1,0,1,0,0,0,1,1,1,1,1,1,1,1,1,1,0,0,0,1,1,0,0.29651162790697677,4
1,0,0,1,0,1,0,0,1,1,0,1,0,0,1,0,0,1,1,0,0,1,0,1,1,0,0,1,1,0,1,1,1,0.28488372093023256,7
0,0,1,0,0,1,0,1,1,0,0,1,0,1,1,0,0,1,0,0,0,1,1,0,0,1,1,0,1,0,0,1,0,0.27325581395348836,6
1,0,0,0,1,0,1,1,1,1,1,0,1,1,1,0,0,1,1,1,1,1,0,0,0,0,1,1,1,0,0,0,1,0.5174418604651163,5
1,0,0,1,0,0,1,1,0,1,1,1,1,1,1,0,1,0,1,1,1,1,0,0,1,0,0,1,1,0,0,1,1,0.4127906976744186,3
0,1,1,0,1,0,1,0,1,0,1,0,0,1,1,1,1,1,0,1,0,1,1,0,1,0,1,1,1,0,0,1,1,0.47093023255813954,2
0,0,1,0,0,0,0,1,1,0,0,1,1,1,1,1,1,0,1,1,0,0,0,1,0,1,1,1,0,1,1,0,1,0.27325581395348836,7
0,1,1,0,0,1,0,1,0,0,1,1,0,0,1,0,0,0,1,0,1,1,0,1,0,1,1,0,0,1,0,0,1,0.3488372093023256,3
0,0,0,1,1,1,0,0,1,1,0,0,1,1,1,0,0,0,0,1,1,1,1,1,1,0,1,1,1,1,1,0,0,0.5,2
0,1,1,0,1,0,0,0,1,1,0,0,0,1,0,0,0,1,1,0,1,0,0,1,1,0,0,1,1,1,0,0,0,0.37790697674418605,5
0,1,1,0,1,0,0,1,1,0,1,1,1,0,0,0,1,1,1,0,0,1,1,0,0,0,0,0,1,1,0,0,0,0.37209302325581395,7
1,0,1,1,0,1,0,0,1,0,1,1,0,0,1,0,0,0,1,0,0,1,1,0,0,1,1,1,1,1,1,0,0,0.5116279069767442,4
1,1,0,1,0,1,1,0,1,0,0,1,1,0,0,1,0,0,0,1,0,1,0,0,1,1,0,1,1,0,1,1,1,0.29069767441860467,3
0,0,1,1,1,0,1,1,0,1,1,1,1,1,0,0,1,0,0,0,0,1,0,0,0,0,0,0,1,0,0,0,1,0.5,1
0,1,1,0,0,0,0,0,0,0,1,1,0,0,1,0,0,0,1,1,0,0,0,1,0,1,0,0,1,0,1,0,1,0.1686046511627907,9
0,1,1,0,1,0,0,0,0,1,1,0,0,0,0,0,0,1,1,1,1,0,1,1,0,0,0,1,1,1,0,1,1,0.47093023255813954,6
1,1,1,1,1,1,0,1,0,1,0,0,1,0,0,0,0,0,0,0,1,1,1,0,0,1,1,0,1,1,0,0,1,0.5581395348837209,4
0,0,0,0,0,1,1,0,1,0,0,0,0,1,0,1,1,1,0,1,0,1,0,1,1,1,1,0,0,0,0,0,1,0.1744186046511628,8
0,1,0,0,1,0,0,1,0,1,1,0,0,0,1,0,1,1,1,1,0,0,0,1,0,1,0,0,1,1,1,0,0,0.37790697674418605,4
0,1,1,1,0,1,0,0,0,1,1,0,0,0,1,0,1,0,0,1,0,0,0,0,0,1,1,1,1,0,1,0,0,0.27906976744186046,9
0,0,1,1,1,0,1,0,1,1,0,0,1,1,1,1,0,0,0,1,1,1,1,0,1,0,1,0,1,0,0,0,0,0.26744186046511625,6
0,1,1,1,1,0,1,0,0,0,1,1,1,0,1,1,0,1,1,0,1,1,1,1,1,0,0,0,0,0,0,1,1,0.26744186046511625,7
0,1,1,0,1,1,0,1,1,1,1,0,1,1,0,0,0,1,0,1,1,0,0,1,1,1,0,0,1,0,0,0,0,0.4476744186046512,3
1,0,1,0,1,1,0,1,1,0,0,0,0,0,1,1,0,0,0,0,0,1,0,1,1,1,0,0,1,0,0,0,1,0.313953488372093,8
0,1,1,1,0,1,0,0,0,1,1,1,1,1,0,1,0,1,1,0,1,1,0,0,0,0,1,0,1,1,0,1,0,0.38953488372093026,8
0,1,0,1,1,1,1,0,1,0,0,0,0,0,0,0,1,0,0,0,0,0,0,0,0,1,1,1,0,0,1,1,0,0.29651162790697677,8
1,1,1,0,1,0,1,1,1,0,1,1,1,0,0,1,1,1,1,0,0,1,0,0,1,1,0,0,0,1,0,0,1,0.36046511627906974,8
1,0,0,0,0,1,0,0,0,0,1,1,0,1,0,0,1,1,1,0,0,0,1,0,1,1,1,0,0,1,1,0,1,0.3488372093023256,3
0,1,1,1,1,1,1,1,1,1,0,1,1,0,0,0,1,1,0,0,1,1,0,1,1,1,1,0,1,0,0,0,1,0.4476744186046512,6
1,0,1,0,0,1,0,0,0,1,0,0,1,1,1,1,1,1,0,1,0,1,0,0,0,0,1,0,1,1,1,1,0,0.3953488372093023,9
0,1,1,1,1,1,0,0,0,0,1,0,1,1,1,0,1,1,0,1,1,1,0,1,1,0,1,1,0,0,0,0,1,0.37790697674418605,3
0,1,1,1,1,0,1,1,1,1,1,1,1,0,1,0,0,1,0,0,1,0,0,1,0,1,0,0,1,0,1,0,0,0.3372093023255814,7
0,0,0,1,1,0,0,0,0,0,1,0,0,1,1,0,1,0,1,1,0,0,0,1,0,0,1,1,1,1,0,0,1,0.43023255813953487,4
1,0,1,1,0,0,1,0,1,0,0,1,0,0,1,1,1,0,1,1,1,1,0,1,0,0,0,1,1,0,1,0,1,0.27906976744186046,5
1,1,0,1,1,0,0,1,0,1,0,0,1,0,0,1,0,0,0,1,1,1,0,0,0,0,0,1,0,0,1,1,1,0.27325581395348836,4
1,0,0,0,1,1,1,1,0,0,1,0,1,1,0,0,0,1,0,0,0,1,1,0,0,1,1,1,0,0,1,1,0,0.47093023255813954,1
1,1,0,0,0,1,0,1,1,0,0,0,0,1,1,1,1,0,0,0,0,1,1,1,1,1,1,1,0,1,1,1,1,0.28488372093023256,4
0,1,1,1,1,1,0,0,0,1,1,1,1,0,1,1,0,1,0,1,1,1,1,0,1,0,0,0,0,0,0,0,1,0.3023255813953488,4
0,1,1,1,0,1,1,1,0,0,1,1,1,1,1,0,1,1,1,0,0,0,0,1,0,1,0,0,1,0,1,0,0,0.313953488372093,1
0,1,1,1,0,0,0,1,1,0,1,0,1,0,1,1,0,0,1,1,0,0,0,0,1,1,1,1,1,1,1,1,0,0.25,8
0,1,0,0,0,0,1,1,0,1,1,1,1,1,1,1,1,1,0,0,0,0,0,1,1,0,1,1,1,0,0,1,1,0.3488372093023256,3
1,1,1,0,1,1,1,0,1,0,0,0,1,0,1,1,0,1,1,0,0,1,0,0,0,0,0,0,0,0,1,0,1,0.27325581395348836,4
1,1,0,0,1,1,1,0,1,0,0,0,0,1,0,0,1,0,1,1,0,0,0,1,1,0,0,0,0,0,0,0,1,0.27906976744186046,5
1,1,0,1,1,0,1,0,0,1,0,1,1,1,0,0,0,1,0,1,0,0,0,1,0,1,1,1,0,1,1,1,1,0.3023255813953488,8
0,0,1,1,0,1,1,0,0,0,1,0,1,1,0,1,1,1,0,1,0,0,1,0,0,1,1,1,1,0,1,0,1,0.18023255813953487,9
1,1,1,1,1,0,0,0,1,0,0,1,0,1,1,1,0,0,0,1,0,0,1,1,0,1,1,1,0,0,0,1,0,0.29651162790697677,4
0,1,1,1,0,1,1,0,1,1,0,0,0,0,0,1,1,0,0,0,0,0,0,0,0,0,0,1,1,1,0,0,1,0.3313953488372093,8
0,1,0,1,1,0,1,0,1,0,1,1,0,1,1,1,1,1,1,1,0,1,0,1,1,0,1,1,1,0,0,0,0,0.43023255813953487,4
1,1,0,0,1,1,0,0,1,1,1,1,0,1,1,1,0,1,1,1,0,1,1,0,0,0,0,1,1,1,0,1,1,0.5290697674418605,8
0,0,0,0,1,1,0,0,1,0,1,1,1,0,0,1,0,1,1,0,0,1,0,0,1,0,0,1,1,1,1,0,1,0.4418604651162791,5
0,0,0,0,1,0,1,1,1,0,0,0,0,0,0,0,0,0,0,1,0,1,1,0,1,0,1,0,0,1,1,0,1,0.28488372093023256,8
1,1,1,0,1,0,0,1,0,1,0,1,0,1,1,1,0,0,0,0,1,0,1,1,0,1,0,1,0,0,0,1,1,0.29651162790697677,9
1,0,0,1,0,1,1,1,0,0,1,0,0,0,0,1,1,0,0,0,0,0,1,0,0,1,0,1,0,1,0,0,0,0.16279069767441862,1
0,1,1,0,1,0,0,1,0,1,0,0,1,1,1,0,1,0,0,0,1,1,0,1,1,0,0,1,0,1,1,0,0,0.32558139534883723,9
0,1,1,0,0,1,1,1,0,0,1,0,1,1,1,0,1,1,1,1,1,0,0,0,1,1,0,0,1,0,0,0,1,0.23837209302325582,5
0,0,1,1,1,1,1,1,0,1,1,1,0,0,1,1,0,0,1,1,0,0,1,0,1,0,0,0,0,1,1,0,1,0.3081395348837209,8
1,0,1,1,1,0,1,0,1,1,0,0,0,0,1,0,1,0,0,0,0,1,1,1,1,0,1,1,1,1,0,0,0,0.47674418604651164,9
1,0,1,1,0,0,0,1,1,0,1,1,0,1,1,0,0,0,1,0,1,1,1,0,1,0,0,1,1,1,0,1,1,0.3313953488372093,2
0,1,1,1,1,1,1,0,0,1,0,0,1,0,1,1,0,1,1,0,1,1,1,1,1,0,0,0,0,1,1,1,1,0.31976744186046513,9
1,1,1,0,0,0,0,0,1,0,1,0,1,1,0,0,0,1,1,1,0,0,1,1,0,1,1,1,1,0,1,1,1,0.21511627906976744,4
1,1,0,1,1,0,1,0,0,1,0,0,1,0,0,1,1,1,0,0,1,0,1,1,0,1,1,0,1,1,0,1,1,0.42441860465116277,2
0,0,0,1,0,1,0,0,1,0,1,1,1,1,0,1,1,1,1,1,1,0,0,1,1,0,0,1,0,1,1,0,1,0.29651162790697677,6
0,0,0,1,1,0,1,0,1,1,0,1,0,1,0,1,0,1,1,0,1,0,1,0,1,1,1,1,0,1,1,0,0,0.3313953488372093,3
0,1,1,1,1,1,0,0,0,1,1,0,0,1,0,1,0,1,0,1,0,1,1,1,0,1,0,0,1,0,0,1,0,0.5058139534883721,2
1,0,0,1,1,1,1,0,0,0,0,1,0,0,1,1,1,1,0,0,1,1,1,0,0,1,1,1,1,0,1,0,0,0.6453488372093024,1
0,0,0,0,0,1,1,1,0,1,1,1,0,1,0,0,0,0,0,1,1,1,1,0,1,0,0,0,1,1,0,0,1,0.48255813953488375,5
1,0,1,0,0,1,0,0,1,0,0,0,1,0,1,1,0,0,0,0,1,1,1,0,0,0,1,0,1,0,1,0,1,0.16279069767441862,5
1,0,0,0,0,1,1,0,1,1,0,1,1,1,1,1,0,1,0,1,0,0,0,1,0,1,0,1,1,1,1,1,0,0.46511627906976744,8
1,1,1,0,1,1,0,1,0,1,1,1,1,1,0,1,1,1,0,1,0,1,0,0,0,0,0,1,0,1,0,1,0,0.5174418604651163,3
0,1,1,1,1,1,0,1,0,0,1,0,0,1,1,1,0,1,0,1,1,0,1,1,1,1,0,1,1,1,0,0,0,0.48255813953488375,5
1,1,1,0,0,0,1,1,1,1,1,0,0,0,1,0,0,0,0,0,1,1,0,1,1,1,0,1,0,0,0,1,0,0.23255813953488372,4
1,0,0,1,1,0,1,0,1,1,1,0,0,0,0,0,0,1,0,1,1,0,1,0,0,1,1,1,0,0,1,1,1,0.26744186046511625,8
1,1,0,0,1,0,1,1,1,1,0,0,0,0,1,0,0,1,1,1,0,0,1,0,1,1,1,1,1,1,0,0,0,0.48255813953488375,5
0,1,1,0,1,1,1,0,1,0,0,0,1,0,0,0,1,0,1,0,0,1,1,0,0,1,1,1,0,0,0,1,0,0.29651162790697677,6
1,0,1,1,1,1,0,0,1,0,0,1,1,0,0,1,0,0,1,0,0,1,1,1,1,0,1,0,0,0,1,0,0,0.32558139534883723,7
1,1,1,1,1,0,0,1,0,1,1,1,0,0,1,1,0,0,0,0,0,0,1,0,0,1,1,1,1,1,1,0,0,0.4476744186046512,9
0,1,1,1,1,1,0,1,1,0,0,0,1,1,1,1,1,0,0,0,1,1,1,0,1,1,0,0,1,1,0,1,1,0.45348837209302323,3
1,0,1,1,0,1,1,0,1,1,0,0,1,0,0,0,1,0,1,1,0,0,0,1,1,1,1,0,1,1,0,0,1,0.4418604651162791,9
0,1,0,0,1,0,0,0,0,1,1,0,0,1,0,1,0,1,1,1,0,0,0,0,0,0,0,1,1,1,0,1,0,0.4418604651162791,5
1,1,1,1,1,1,1,0,1,1,0,1,1,1,0,0,0,1,1,1,1,1,1,1,0,1,1,1,0,1,1,1,1,0.5755813953488372,2
1,1,0,1,0,0,1,0,1,0,0,0,0,1,0,1,1,0,1,1,0,0,0,0,0,1,0,1,0,1,0,1,1,0.16279069767441862,7
0,0,1,1,1,0,1,0,1,1,1,1,1,1,1,0,1,1,0,0,1,0,1,1,1,1,0,1,0,0,0,1,1,0.313953488372093,8
0,0,0,0,0,1,1,0,1,0,0,0,1,1,0,1,1,0,0,0,1,0,0,1,0,1,1,0,0,1,0,0,1,0.27325581395348836,8
1,0,0,0,1,0,1,0,1,1,0,0,1,1,0,0,0,1,0,0,0,1,0,1,0,0,0,1,1,1,1,1,1,0.48255813953488375,8
0,1,1,1,1,1,0,1,1,1,1,1,1,1,1,1,1,0,1,0,1,1,0,1,0,0,1,0,0,0,0,0,1,0.31976744186046513,7
1,0,1,0,1,0,0,1,0,0,0,1,1,0,0,1,1,0,1,0,1,1,0,1,1,1,0,1,0,1,0,1,0,0.4127906976744186,6
1,1,0,0,1,0,1,0,1,1,0,0,0,0,0,1,1,1,0,1,1,0,0,1,1,0,1,0,1,1,0,1,1,0.36627906976744184,6
1,0,0,1,1,1,1,0,0,0,0,0,0,1,0,1,0,1,0,0,1,1,0,0,0,0,0,1,1,0,1,1,0,0.436046511627907,3
0,0,1,1,1,0,1,1,1,1,1,1,0,0,1,0,1,1,0,0,1,0,0,1,1,0,0,1,0,1,1,1,1,0.45348837209302323,6
0,0,1,0,0,1,1,1,0,1,0,0,1,0,0,1,1,1,1,1,0,1,1,1,0,1,0,1,1,0,1,0,1,0.3546511627906977,2
1,1,0,1,1,1,0,1,0,1,1,0,1,0,0,0,1,0,0,1,1,1,0,1,1,0,0,1,0,0,0,1,1,0.37209302325581395,8
1,0,0,1,0,1,0,1,0,1,0,1,0,1,0,1,1,0,1,0,1,1,0,0,1,1,0,0,1,0,1,0,0,0.4476744186046512,2
1,0,0,1,1,1,0,0,1,0,0,0,0,0,1,0,0,0,1,1,1,0,0,1,1,0,1,1,1,1,1,0,1,0.45348837209302323,8
0,0,1,0,1,0,0,0,1,1,0,0,1,0,0,0,0,1,0,1,1,0,1,1,0,1,0,0,0,0,0,0,1,0.29069767441860467,5
1,1,0,0,0,0,0,0,0,0,0,1,0,1,0,1,1,0,0,1,1,0,1,0,1,0,1,1,1,0,1,0,1,0.29651162790697677,4
1,0,1,1,0,1,0,0,0,0,0,0,1,0,0,0,1,0,0,1,1,0,1,1,1,1,0,0,1,0,1,0,0,0.23837209302325582,2
0,1,1,0,1,1,0,0,1,1,1,1,0,1,0,0,1,0,1,1,0,0,0,0,0,0,1,1,1,0,0,0,0,0.436046511627907,8
0,0,0,0,1,1,0,0,0,1,1,0,1,1,0,0,1,1,1,0,1,1,0,1,0,1,1,0,0,0,1,0,1,0.31976744186046513,9
1,1,1,1,0,1,1,1,1,0,1,1,1,1,0,0,0,1,0,1,0,1,1,1,1,1,0,1,0,1,0,1,0,0.3372093023255814,9
0,0,0,1,1,0,1,1,1,1,1,0,0,0,0,0,1,1,1,0,1,1,1,0,1,0,0,1,1,1,1,0,1,0.4883720930232558,7
0,0,1,1,1,0,1,0,0,0,1,1,1,0,1,1,1,0,1,1,0,1,0,0,0,1,0,1,1,0,1,0,0,0.3953488372093023,7
1,1,0,1,1,0,0,0,0,1,0,1,0,0,0,1,1,1,0,0,1,0,0,0,0,1,0,1,1,1,1,1,0,0.5232558139534884,6
1,0,0,0,1,1,0,1,1,0,1,0,0,1,1,0,0,0,1,0,1,1,1,1,0,0,0,0,0,0,0,0,0,0.28488372093023256,5
0,0,1,1,1,0,1,1,0,1,0,0,0,1,1,0,1,0,0,1,1,1,1,1,0,0,1,1,0,0,0,0,0,0.2616279069767442,2
0,1,1,0,1,1,0,1,0,1,0,1,1,0,0,1,1,0,0,0,0,0,0,0,1,0,0,1,0,0,1,1,1,0.3430232558139535,3
0,1,0,0,0,0,1,1,1,1,0,1,0,1,1,0,0,0,1,1,0,1,0,0,1,0,1,1,1,1,1,0,0,0.3372093023255814,6
1,1,1,0,1,0,1,0,1,0,0,0,1,1,0,1,0,1,0,1,0,0,1,1,0,1,0,1,0,1,1,0,0,0.2558139534883721,3
1,1,1,0,0,0,0,1,0,1,0,0,0,0,1,1,1,0,1,1,0,1,1,0,1,0,1,0,0,1,0,1,0,0.29651162790697677,9
1,1,1,0,0,1,0,1,0,1,0,0,0,0,0,0,1,0,0,0,0,0,1,1,0,1,1,0,0,1,1,0,0,0.31976744186046513,6
1,1,1,0,0,0,1,0,0,0,1,1,1,1,1,0,0,1,0,0,0,0,1,1,1,1,1,0,1,0,0,1,1,0.23837209302325582,7
1,1,0,0,1,0,0,1,1,1,0,0,0,1,1,1,1,0,1,1,1,0,1,1,1,0,0,0,0,1,0,1,0,0.3313953488372093,6
0,0,1,0,0,1,0,0,0,0,1,0,1,1,1,0,1,1,0,1,1,0,0,0,0,1,0,1,0,1,1,0,0,0.25,3
0,0,0,0,1,1,0,0,0,1,1,0,0,1,1,0,0,0,0,0,0,1,1,1,1,0,1,0,0,1,1,1,0,0.4011627906976744,1
1,0,0,0,1,0,1,0,0,0,0,1,0,0,1,1,1,1,1,1,0,0,0,1,0,0,1,1,1,0,0,0,0,0.4418604651162791,2
0,0,1,1,1,1,1,1,1,0,0,1,0,0,0,0,0,1,0,1,1,0,0,1,1,0,0,0,1,0,1,0,1,0.36046511627906974,7
1,1,1,1,1,0,1,1,0,1,0,0,0,0,0,0,1,1,1,0,0,1,1,1,0,1,0,0,1,1,0,0,1,0.4883720930232558,1
0,1,0,1,1,1,1,1,1,1,0,0,1,0,0,0,1,1,0,1,0,1,1,1,0,0,1,1,1,0,0,0,0,0.4883720930232558,3
1,1,0,0,0,0,0,0,0,1,1,0,0,0,0,1,0,1,0,1,1,0,0,1,0,1,0,0,1,1,1,1,0,0.313953488372093,4
0,0,0,1,1,1,0,0,1,1,1,0,1,0,0,1,1,0,0,0,1,0,1,0,1,0,1,1,1,0,0,0,1,0.46511627906976744,8
0,0,0,1,1,1,0,0,0,1,1,1,0,0,1,0,0,0,1,1,0,0,0,0,1,1,0,0,0,0,0,0,0,0.32558139534883723,3
0,0,1,1,0,1,1,0,0,0,1,0,0,0,1,0,1,0,1,0,0,1,0,1,0,0,0,1,1,0,0,0,1,0.23837209302325582,2
0,0,0,0,0,0,0,1,0,0,0,0,1,1,0,1,0,1,1,1,1,0,1,1,1,1,1,1,1,1,1,0,0,0.3313953488372093,4
0,0,0,0,0,1,0,0,1,0,1,1,0,1,1,0,1,1,0,0,1,1,1,0,0,0,1,1,0,1,0,1,1,0.3953488372093023,4
0,1,1,0,1,1,1,1,0,1,0,0,1,0,0,1,1,1,1,0,0,0,1,0,0,1,0,1,1,0,1,1,0,0.3313953488372093,9
0,0,0,1,0,0,0,1,1,1,0,0,0,1,0,0,0,0,0,1,1,1,0,1,0,0,0,0,1,0,1,1,1,0.2441860465116279,2
1,0,0,0,1,0,1,1,1,1,1,0,0,1,0,1,0,1,1,0,1,0,0,1,0,0,1,1,0,1,1,0,1,0.27906976744186046,8
1,0,0,1,1,0,1,1,1,0,0,1,0,1,0,0,0,0,1,0,0,0,1,1,1,0,1,0,1,1,1,0,1,0.3546511627906977,4
0,0,0,0,1,0,1,1,1,0,1,1,1,1,0,0,0,1,1,1,0,1,0,0,1,0,0,1,0,1,0,1,0,0.36627906976744184,4
1,1,1,1,1,1,0,1,0,0,0,1,1,1,1,1,0,0,0,0,1,0,1,0,0,0,0,1,0,1,1,0,1,0.46511627906976744,1
0,1,1,0,0,0,0,0,0,1,1,1,0,0,1,1,0,0,1,0,1,1,1,1,1,0,0,0,0,1,0,1,1,0.3081395348837209,8
0,0,0,0,0,1,0,1,1,1,0,0,0,0,0,0,0,0,1,1,1,0,0,1,1,1,1,0,0,1,0,0,0,0.28488372093023256,9
0,0,1,1,0,0,1,1,0,0,0,1,0,0,1,0,1,1,1,0,1,1,1,1,0,0,1,1,1,1,1,0,1,0.3546511627906977,7
1,1,1,0,0,1,1,1,1,0,1,1,1,0,0,1,1,1,1,0,0,0,0,1,1,0,0,1,1,0,0,0,1,0.3313953488372093,5
0,1,1,0,0,1,0,1,0,1,1,1,0,1,0,0,1,1,1,0,0,0,1,1,1,0,1,1,0,1,1,0,1,0.4186046511627907,7
1,1,1,0,1,1,0,1,1,1,1,0,1,0,0,1,0,0,1,0,1,0,0,1,0,1,0,1,1,1,1,0,0,0.5290697674418605,7
1,0,0,0,0,0,0,0,1,0,0,1,0,1,0,1,1,0,1,1,0,0,0,1,1,0,1,0,0,1,0,1,1,0.3023255813953488,1
1,1,0,0,0,1,1,1,1,1,1,0,0,1,1,1,0,1,0,1,1,0,1,1,0,1,1,1,0,0,0,1,0,0.2441860465116279,9
1,1,0,1,1,0,1,1,1,1,0,1,0,0,1,0,0,1,1,1,0,1,0,1,0,1,1,1,0,1,1,0,0,0.29651162790697677,6
0,0,1,0,0,0,1,1,0,0,1,1,0,1,0,1,0,0,0,1,1,0,1,1,0,1,1,1,1,1,0,0,1,0.4069767441860465,6
1,0,0,0,1,1,1,1,0,1,1,1,0,0,1,1,0,0,0,0,1,1,0,0,0,0,0,0,0,1,1,1,0,0.3430232558139535,9
1,1,0,1,1,1,1,0,0,0,1,1,1,0,0,1,0,1,1,1,0,0,0,0,0,0,0,1,1,0,0,1,1,0.5,2
0,1,1,0,1,0,0,1,1,0,0,0,1,0,1,0,0,0,1,1,1,0,0,0,1,1,0,1,0,0,1,0,0,0.27906976744186046,1
1,1,1,0,0,0,0,1,0,1,0,1,0,0,1,1,1,0,1,0,1,1,1,1,1,1,1,1,0,1,0,0,0,0.3546511627906977,6
0,0,0,1,1,0,0,1,1,0,0,0,0,1,1,1,1,1,0,1,0,1,1,0,1,1,0,1,1,1,1,0,1,0.4186046511627907,1
0,0,0,0,1,1,0,0,1,1,1,1,0,1,0,0,1,1,0,0,1,1,1,0,1,0,0,0,1,0,1,0,1,0.4069767441860465,7
1,1,0,0,0,1,0,0,0,1,0,0,0,0,0,0,0,1,0,0,1,1,0,1,1,1,0,1,0,0,1,0,0,0.3081395348837209,3
0,1,1,1,1,0,1,0,1,0,0,0,1,0,0,1,0,1,1,1,0,0,1,0,0,1,1,1,1,0,0,1,1,0.31976744186046513,6
1,0,1,0,1,1,0,0,1,1,1,1,0,0,0,0,1,0,1,0,1,1,0,1,0,1,1,1,1,0,0,1,1,0.5174418604651163,8
1,1,0,0,1,0,0,0,0,0,0,1,1,0,0,0,0,1,1,0,1,0,0,0,0,1,0,1,1,1,1,1,1,0.5872093023255814,1
0,0,0,1,0,1,0,1,1,0,0,1,0,0,1,1,1,1,1,0,1,1,0,1,0,0,1,1,0,0,0,0,1,0.28488372093023256,8
0,1,0,0,0,0,1,0,1,0,0,1,0,0,0,1,0,0,1,1,0,0,0,0,1,0,0,1,1,1,1,0,1,0.2616279069767442,2
0,0,1,1,1,0,0,0,0,1,1,0,0,0,1,0,0,0,1,0,0,0,0,1,1,1,1,1,1,1,1,1,1,0.4418604651162791,9
1,0,0,1,1,1,0,0,1,0,1,1,0,1,0,1,0,1,0,0,0,1,1,0,0,1,1,1,1,0,0,0,1,0.5755813953488372,3
0,0,0,0,0,1,1,1,1,0,0,1,1,1,1,1,1,0,0,0,1,1,1,0,0,0,1,1,0,1,0,0,1,0.36046511627906974,6
0,0,1,0,1,0,1,1,1,0,1,0,1,1,0,0,1,1,1,0,0,0,0,1,1,1,1,1,1,1,0,1,1,0.45348837209302323,9
1,1,1,1,0,1,0,1,1,1,0,1,1,0,1,1,0,1,1,0,0,1,0,1,0,0,0,0,0,0,0,1,0,0.25,7
0,1,0,1,1,0,0,0,1,0,0,0,0,1,1,1,1,0,0,0,1,0,1,1,0,0,1,1,1,1,1,0,1,0.4011627906976744,2
0,1,1,1,1,1,0,1,0,0,0,1,1,1,1,0,1,1,0,1,0,0,1,0,1,0,1,1,1,1,0,1,1,0.4476744186046512,3
0,1,0,0,1,1,1,1,0,1,0,1,1,0,0,0,1,1,0,0,0,0,1,1,0,1,0,1,0,0,1,0,0,0.27906976744186046,9
0,0,0,0,1,0,1,0,1,0,0,1,0,0,0,1,0,1,0,1,0,1,0,0,1,1,1,1,0,0,0,1,1,0.20348837209302326,9
0,0,1,1,0,0,0,0,0,1,0,1,0,1,0,0,1,0,1,0,0,0,0,0,1,1,1,1,1,1,0,1,0,0.37209302325581395,4
0,0,1,1,1,1,1,0,0,1,0,0,0,0,1,0,0,0,0,1,0,1,1,1,0,0,0,1,0,0,0,1,1,0.27325581395348836,7
1,1,0,0,1,1,1,1,1,1,0,0,0,0,1,0,1,0,1,0,1,1,1,1,1,0,1,1,0,1,0,1,0,0.5,6
1,0,1,0,1,1,0,0,0,1,0,1,0,0,0,0,1,0,1,0,0,0,0,0,1,0,1,0,0,1,0,1,1,0.4186046511627907,2
1,1,1,1,0,1,1,0,0,0,1,1,0,0,0,0,1,1,0,1,0,0,1,0,1,1,0,1,1,1,0,1,0,0.563953488372093,2
1,0,0,1,0,1,1,0,1,1,0,1,0,1,1,0,0,0,1,1,1,1,1,0,1,1,1,0,1,1,1,0,1,0.47093023255813954,8
1,0,1,1,0,0,1,0,1,0,1,1,1,1,1,0,1,0,0,1,1,0,0,0,0,0,1,1,1,1,1,0,1,0.47093023255813954,2
1,0,1,1,0,0,0,0,0,0,1,1,1,1,0,0,1,1,1,0,0,1,0,1,1,1,1,1,0,1,0,0,0,0.3313953488372093,6
0,1,0,0,1,1,1,0,0,0,1,0,1,0,0,1,1,0,0,0,0,1,0,0,0,1,1,0,0,0,0,1,0,0.3546511627906977,2
0,0,1,0,0,1,0,1,1,0,1,1,1,0,1,0,1,0,1,1,1,0,1,1,0,1,0,1,1,1,1,1,1,0.48255813953488375,5
1,1,1,0,1,1,0,0,0,1,0,1,0,0,0,1,0,1,0,1,1,1,1,1,1,0,0,1,1,0,1,1,1,0.563953488372093,1
1,0,1,1,1,1,1,0,1,0,0,0,1,0,1,1,0,0,0,1,0,0,1,0,0,0,1,0,1,1,0,1,0,0.36046511627906974,9
0,1,1,1,0,0,0,1,1,0,0,1,1,1,0,0,0,0,0,0,0,1,1,1,0,1,1,1,0,1,1,0,0,0.26744186046511625,5
1,0,0,1,1,1,0,1,1,0,0,1,0,0,1,1,1,0,0,1,0,1,1,0,0,1,0,0,1,1,0,1,0,0.5930232558139535,5
0,1,1,0,1,1,0,0,1,1,1,0,1,1,1,0,0,0,1,0,0,0,0,1,1,1,0,1,1,0,0,0,1,0.4127906976744186,7
1,0,1,1,1,0,1,1,1,1,0,0,0,0,1,1,1,0,0,1,0,1,0,0,1,0,1,1,1,1,0,0,1,0.4941860465116279,7
1,1,1,1,1,1,0,1,1,0,0,0,0,1,0,1,1,1,1,1,1,1,1,1,1,1,0,1,1,0,1,1,1,0.48255813953488375,5
0,1,1,0,0,1,0,1,1,1,1,1,1,1,0,1,1,0,0,1,1,0,0,1,1,0,0,0,0,1,0,0,1,0.3081395348837209,9
1,1,1,0,0,0,1,1,1,1,1,0,1,0,1,0,0,1,1,1,0,1,1,0,1,0,1,0,1,0,0,0,0,0.26744186046511625,2
1,1,1,1,1,0,0,0,0,0,1,1,0,0,0,0,0,0,1,1,1,1,1,1,1,0,0,1,0,0,1,0,0,0.3372093023255814,1
1,0,0,0,1,0,1,1,0,0,0,1,0,1,1,0,0,1,1,0,1,0,1,0,0,0,1,0,1,1,1,0,1,0.3953488372093023,1
1,0,0,1,0,0,1,0,1,1,1,0,0,1,1,1,0,0,0,0,1,1,0,0,1,1,1,0,1,0,1,0,1,0.3313953488372093,2
0,1,0,0,1,0,1,1,0,0,0,1,1,0,1,1,1,1,0,0,1,1,0,0,0,1,0,0,1,1,1,1,1,0.42441860465116277,5
0,0,1,0,0,0,0,1,1,0,0,0,0,1,1,0,0,0,0,1,1,1,1,1,0,0,1,1,1,1,0,1,0,0.3430232558139535,2
0,1,1,0,1,1,1,0,0,0,1,0,1,1,1,0,0,1,0,0,0,1,0,1,1,1,1,1,1,0,0,0,0,0.47674418604651164,4
0,0,1,1,1,1,0,0,1,1,1,0,0,1,1,1,0,0,1,0,1,0,0,0,0,1,1,1,1,0,0,0,0,0.5174418604651163,5
1,0,0,0,1,0,0,0,1,1,0,1,0,0,0,1,1,1,0,0,0,0,0,0,0,1,0,0,0,1,0,1,1,0.36046511627906974,3
1,0,0,0,1,0,1,0,1,1,0,1,0,0,0,0,0,1,1,0,0,0,1,1,1,0,1,0,1,1,1,0,0,0.36046511627906974,1
0,0,1,0,1,0,0,1,1,0,0,1,0,0,1,0,0,0,1,0,0,1,0,0,1,1,1,1,0,0,1,0,1,0.3546511627906977,1
1,1,0,1,1,1,0,0,0,0,0,1,0,1,1,1,0,0,1,1,0,0,1,1,1,1,0,0,0,0,0,0,1,0.29651162790697677,6
0,0,1,1,1,0,0,0,0,1,0,1,1,0,1,1,1,0,1,1,0,0,0,0,0,1,0,0,1,1,1,1,0,0.3081395348837209,4
0,0,1,1,1,0,0,1,0,1,1,0,1,1,0,1,0,0,1,0,0,1,0,0,0,1,1,0,1,0,0,1,1,0.3546511627906977,8
1,0,0,0,0,0,0,1,0,0,0,0,1,1,0,0,0,0,0,0,0,1,0,0,1,1,1,1,1,0,0,1,0,0.19186046511627908,3
0,0,0,0,1,0,0,1,0,0,1,1,0,1,0,1,0,0,1,0,0,1,0,0,0,0,0,0,1,0,0,1,1,0.3488372093023256,2
1,1,0,0,1,1,0,1,1,0,0,0,1,0,0,1,1,0,0,0,0,1,0,1,1,0,0,1,0,0,1,0,1,0.4069767441860465,1
0,1,1,1,1,1,1,0,1,1,1,1,0,0,1,1,0,0,0,0,1,0,0,0,0,1,0,0,0,0,0,1,1,0.28488372093023256,6
0,1,0,1,1,1,1,0,0,0,1,1,0,1,0,1,0,1,0,0,1,0,1,1,1,1,1,0,1,0,0,0,1,0.46511627906976744,4
0,0,1,1,0,0,0,0,0,0,1,1,0,0,1,0,0,1,0,0,1,1,0,1,1,1,0,0,1,0,0,0,1,0.19767441860465115,4
0,0,0,1,1,0,1,0,1,1,0,0,0,1,1,1,0,0,1,1,0,0,1,1,1,1,1,0,0,1,1,1,1,0.3546511627906977,1
1,0,1,0,1,1,0,1,1,0,1,1,0,0,0,1,0,0,1,1,1,0,0,1,0,1,1,1,0,1,1,1,1,0.4127906976744186,8
1,1,0,0,1,1,0,0,0,1,0,0,1,1,1,1,1,1,0,0,1,0,0,1,1,0,1,1,1,0,0,1,0,0.48255813953488375,8
0,1,1,1,0,1,0,0,1,1,1,0,1,1,0,0,0,1,1,0,1,1,1,0,0,1,0,0,1,1,0,0,0,0.32558139534883723,2
0,0,0,0,0,1,0,1,0,1,0,1,0,0,1,0,0,1,0,0,0,1,0,0,1,0,0,1,0,0,1,1,1,0.20930232558139536,9
1,0,0,1,1,0,0,0,0,1,0,1,1,0,0,1,0,0,0,1,1,0,0,1,0,1,1,0,0,0,1,0,0,0.29651162790697677,2
1,0,1,0,1,1,1,1,1,1,0,1,0,0,0,0,0,1,0,1,1,0,1,0,1,0,1,1,0,1,0,1,0,0.47674418604651164,5
0,0,1,0,0,0,1,0,1,0,1,0,1,0,1,1,0,1,1,1,0,1,1,0,0,0,1,1,1,1,1,1,1,0.2441860465116279,9
1,1,1,0,0,0,1,0,0,1,0,1,1,1,0,1,0,1,0,1,1,0,0,0,0,1,0,0,0,1,0,1,1,0.31976744186046513,7
1,0,0,1,1,1,0,1,0,0,0,1,1,1,1,1,0,0,0,1,0,0,0,1,0,1,1,1,0,1,1,0,0,0.3313953488372093,9
1,0,1,1,1,1,1,1,1,0,0,0,1,0,1,0,1,0,1,1,1,1,1,0,1,0,0,1,1,1,0,1,1,0.48255813953488375,7
0,0,1,1,1,1,1,0,1,0,0,0,0,1,1,1,0,1,0,0,0,1,1,1,1,0,0,0,1,1,0,0,1,0.43023255813953487,1
1,0,0,1,0,0,0,0,1,0,0,0,1,1,1,0,1,1,1,1,0,1,1,0,1,1,1,1,0,0,0,0,0,0.11046511627906977,8
0,0,1,1,1,0,1,0,0,0,1,1,1,1,1,1,0,0,0,1,1,0,0,1,1,0,1,0,1,1,1,0,0,0.3546511627906977,4
0,0,0,0,0,1,1,1,0,0,0,1,0,0,0,1,1,1,1,1,1,0,1,0,0,0,0,0,1,0,0,1,1,0.25,5
0,0,1,1,1,1,0,0,1,1,1,1,1,1,1,1,1,1,1,1,0,0,1,1,0,0,1,0,0,1,1,1,1,0.36046511627906974,7
0,0,0,0,1,1,1,1,1,0,1,1,1,1,0,0,0,0,1,1,1,1,1,0,0,1,0,1,0,0,0,1,0,0.4186046511627907,3
0,0,0,1,1,0,0,0,0,0,1,0,1,0,0,0,1,0,0,1,1,0,1,0,1,1,0,1,0,1,1,1,1,0.36046511627906974,1
0,0,1,1,0,1,0,1,1,0,1,1,0,1,1,0,1,0,1,0,1,1,1,0,0,1,1,0,1,1,0,0,1,0.38372093023255816,9
0,1,1,1,0,1,1,1,0,0,1,0,1,0,0,1,0,1,0,0,0,1,0,1,0,0,1,1,1,1,0,0,0,0.43023255813953487,1
1,1,1,0,0,0,1,0,1,1,0,0,0,0,0,0,0,0,0,0,0,0,1,1,1,0,0,0,1,1,0,0,0,0.27325581395348836,4
0,0,0,1,1,0,0,1,0,0,1,0,1,1,1,0,0,1,1,0,1,0,0,0,0,0,1,0,0,1,1,0,1,0.29069767441860467,7
0,0,1,1,0,1,1,0,1,0,0,1,1,1,1,1,1,0,0,0,0,1,1,0,0,0,0,1,0,1,0,1,0,0.3081395348837209,3
1,1,0,0,1,0,0,0,0,0,0,1,0,1,1,1,1,0,1,1,1,1,0,1,1,0,0,1,0,1,1,1,1,0.43023255813953487,3
1,0,0,0,1,0,0,1,0,0,0,1,0,1,0,1,1,0,1,0,0,1,1,1,0,1,0,0,0,1,0,1,0,0.3430232558139535,8
0,0,1,0,0,0,0,0,1,0,0,1,0,0,0,1,1,0,1,1,1,1,0,0,0,0,1,1,0,1,0,0,1,0.29651162790697677,6
0,0,1,1,1,0,1,0,0,1,1,0,1,0,0,1,1,0,1,0,0,1,0,0,1,0,0,1,1,0,1,0,0,0.3953488372093023,4
0,1,1,0,0,1,1,1,0,0,0,0,0,0,0,0,0,1,0,1,0,1,0,1,1,0,0,1,1,0,0,0,0,0.1744186046511628,7
0,1,1,1,1,1,0,1,0,0,1,0,0,1,0,0,0,0,0,0,0,1,1,1,1,1,0,0,0,1,1,0,1,0.3488372093023256,1
1,1,1,1,0,0,0,0,0,1,0,0,1,1,1,1,0,1,0,1,0,1,1,1,1,1,1,0,1,1,1,0,1,0.42441860465116277,1
1,0,1,0,1,1,1,1,0,1,1,0,0,1,1,1,0,0,1,0,0,1,0,0,0,0,1,0,0,0,0,1,0,0.3488372093023256,2
0,1,1,1,1,0,1,1,1,0,1,0,1,0,0,0,0,1,0,0,0,1,1,0,1,0,0,1,0,1,0,0,0,0.1686046511627907,9
0,1,1,0,0,0,1,1,0,1,0,0,1,1,1,0,0,1,0,0,0,1,1,1,0,1,1,1,1,1,0,0,0,0.38953488372093026,9
1,1,0,0,1,1,1,1,1,1,0,1,0,1,0,0,1,1,1,1,1,0,1,1,1,1,1,1,0,0,0,0,1,0.436046511627907,8
1,0,1,0,1,1,0,0,0,0,0,0,1,1,0,1,0,0,1,0,0,1,1,1,1,0,0,1,0,1,0,0,1,0.36046511627906974,4
1,0,1,0,1,0,1,0,0,1,1,1,0,1,1,0,0,1,0,1,0,0,1,1,1,0,1,1,0,1,1,0,1,0.2441860465116279,3
0,0,1,0,1,0,0,0,1,0,1,0,0,0,1,1,0,0,0,1,0,1,1,1,0,0,1,1,0,0,1,1,0,0.31976744186046513,3
1,1,1,1,1,0,0,0,0,0,0,0,0,0,0,0,0,1,1,0,1,1,1,1,0,0,1,0,0,1,0,1,1,0.29651162790697677,8
1,1,1,1,1,1,1,0,0,0,1,1,1,0,0,0,0,1,0,0,1,0,1,0,1,1,1,1,0,1,0,1,1,0.4941860465116279,2
0,0,0,0,0,0,0,1,1,1,1,0,1,0,1,0,0,1,0,1,1,1,0,1,0,0,0,1,1,1,0,0,1,0.3313953488372093,7
0,0,0,1,1,0,0,0,0,1,1,0,0,1,1,1,1,1,1,0,0,1,1,0,0,1,0,0,1,1,0,1,1,0.4011627906976744,5
0,1,0,1,1,0,1,1,0,1,0,1,0,1,1,0,1,0,1,0,0,0,0,0,0,0,0,0,0,1,0,1,0,0.32558139534883723,4
0,1,1,0,0,1,1,0,1,1,0,1,0,0,0,1,1,0,1,0,1,1,1,1,0,0,1,0,0,0,1,1,0,0.25,9
1,1,1,0,0,0,1,0,1,0,0,0,1,1,0,0,0,0,0,0,0,0,1,0,1,0,1,1,1,1,0,0,0,0.22093023255813954,6
0,0,1,0,0,1,1,1,1,1,0,0,1,0,0,1,1,0,1,0,0,0,1,0,0,1,0,1,1,0,1,0,1,0.31976744186046513,2
1,0,0,1,1,1,1,0,1,1,1,1,1,0,1,0,0,1,0,0,0,1,0,0,1,0,0,0,0,1,0,1,1,0.38372093023255816,7
1,0,0,0,0,1,1,0,0,1,0,0,0,1,0,1,0,1,0,1,0,1,0,0,0,1,1,1,0,0,0,0,0,0.2558139534883721,8
0,0,1,0,1,0,0,1,1,0,1,0,1,0,1,0,1,1,1,1,0,0,0,1,0,1,0,1,0,1,0,1,1,0.27906976744186046,9
1,0,0,1,1,0,1,0,1,1,1,0,0,1,1,1,0,1,1,0,0,1,1,0,1,1,0,0,1,1,1,0,1,0.38372093023255816,8
1,0,1,0,1,1,0,0,1,0,1,1,1,0,1,0,1,1,1,0,1,0,0,1,1,1,1,1,0,1,1,0,0,0.5174418604651163,3
0,1,0,0,1,0,0,0,0,1,1,1,0,1,0,1,0,0,1,1,1,0,0,1,0,0,0,0,0,0,1,1,0,0.2558139534883721,7
0,0,0,0,1,0,1,0,1,0,0,0,1,0,0,1,0,0,0,0,0,0,1,1,0,1,1,0,0,0,1,0,1,0.25,9
0,0,1,1,0,0,0,1,0,1,0,1,0,0,1,1,0,1,1,1,1,1,0,0,1,0,0,0,0,1,1,1,1,0.28488372093023256,7
0,1,1,0,1,0,1,1,1,1,0,0,1,0,1,0,0,1,0,0,0,1,0,1,0,0,1,1,0,0,1,0,0,0.29651162790697677,4
0,1,1,1,0,1,1,0,0,1,1,0,1,1,1,0,1,0,1,0,1,1,1,0,0,1,1,0,1,0,1,0,0,0.37790697674418605,2
1,1,0,0,0,1,1,0,1,1,0,1,1,1,0,1,1,0,0,0,1,1,0,0,1,1,1,1,1,0,1,0,1,0.45930232558139533,7
0,1,1,0,0,0,0,1,1,1,1,0,1,0,1,1,1,0,1,0,1,0,0,0,0,1,0,1,1,0,1,0,1,0.3081395348837209,6
1,1,0,1,0,1,1,1,0,0,1,1,1,1,1,1,0,1,1,1,1,0,0,1,1,0,0,1,1,0,1,1,0,0.3488372093023256,1
0,0,1,0,1,0,1,1,0,0,1,0,0,0,1,0,1,0,1,0,1,1,1,0,0,0,1,0,0,0,1,0,0,0.31976744186046513,1
0,0,0,0,0,0,0,1,1,0,1,0,0,0,0,1,1,1,0,1,0,0,1,1,0,1,0,1,1,0,1,0,0,0.18023255813953487,8
0,1,1,0,1,1,0,1,1,0,0,1,1,0,0,0,1,1,1,1,0,1,0,0,1,1,0,1,1,0,0,1,0,0.37209302325581395,9
1,0,1,0,0,0,1,0,0,0,0,0,1,0,1,1,0,0,1,0,1,1,1,1,0,0,1,1,1,1,1,0,0,0.32558139534883723,9
1,1,0,1,0,1,0,0,0,0,0,1,0,1,1,1,1,1,0,0,0,1,0,0,0,1,1,0,0,1,1,1,0,0.36046511627906974,2
1,0,1,1,1,1,1,0,1,1,0,1,1,1,0,0,1,1,0,1,1,1,0,1,1,0,1,1,0,1,0,1,0,0.5348837209302325,7
1,1,1,0,0,1,1,1,0,1,0,1,0,0,0,1,0,1,1,0,1,0,1,1,0,0,1,1,0,1,1,0,0,0.4476744186046512,7
0,0,1,0,1,0,1,1,0,1,1,1,1,0,1,0,1,0,0,0,0,0,0,1,0,1,0,1,1,0,1,1,1,0.37790697674418605,9
0,0,1,0,1,1,1,0,1,1,0,0,1,0,0,0,1,1,0,0,0,0,0,1,0,0,1,0,0,1,0,0,0,0.3430232558139535,9
0,1,0,0,0,1,0,1,0,1,0,0,0,0,0,0,1,1,0,1,1,0,0,0,1,0,1,0,1,1,0,1,1,0.4127906976744186,4
1,1,0,1,1,0,0,1,0,0,1,1,0,1,1,1,0,1,0,0,1,0,0,0,0,1,1,1,0,0,1,1,0,0.1686046511627907,3
0,1,0,0,0,1,0,0,1,1,0,0,0,1,1,0,1,0,1,0,1,1,0,0,0,0,1,0,0,0,0,1,1,0.2616279069767442,3
1,1,1,1,1,0,1,0,0,1,0,1,1,0,0,1,0,1,1,1,0,0,1,1,0,0,0,1,1,0,0,1,1,0.5523255813953488,1
1,0,0,0,0,0,0,0,0,0,1,1,0,1,0,0,0,1,0,0,0,0,0,0,0,1,0,1,1,0,0,0,1,0.25,5
1,1,0,1,0,1,0,1,0,1,0,1,1,1,0,0,1,1,0,1,1,1,0,0,0,1,0,1,0,1,1,1,1,0.436046511627907,7
0,0,1,1,0,1,0,1,0,1,0,1,0,0,1,1,0,1,1,1,1,1,0,0,0,0,1,0,1,1,1,0,1,0.436046511627907,4
0,0,0,1,1,0,0,0,0,1,0,1,0,0,0,1,1,1,0,1,1,0,1,1,1,1,0,1,0,0,1,1,1,0.3081395348837209,7
1,0,0,0,0,1,0,0,1,0,0,0,0,1,0,1,0,0,1,0,1,1,1,1,0,0,1,1,1,0,0,1,1,0.20348837209302326,8
1,1,1,0,1,1,0,1,0,1,1,0,0,1,1,1,0,0,0,0,0,1,1,0,1,0,0,0,0,0,0,1,1,0.2558139534883721,7
0,0,1,1,0,0,0,1,0,0,1,1,0,1,1,0,0,0,1,1,0,0,1,0,1,0,1,0,0,1,0,1,0,0.2558139534883721,4
0,0,1,0,1,0,0,0,0,0,0,0,0,1,0,0,0,1,1,0,1,1,1,0,1,1,1,1,1,1,0,0,1,0.38953488372093026,8
1,0,0,1,0,1,1,0,1,1,0,0,0,0,0,1,1,1,0,1,1,1,1,0,1,0,0,1,0,0,0,0,0,0.2441860465116279,7
1,0,1,0,1,1,1,0,0,1,0,0,1,1,1,0,0,1,0,0,0,0,1,1,0,1,0,0,0,1,1,0,0,0.36046511627906974,7
0,0,0,0,0,0,0,1,0,1,1,1,1,1,0,1,1,0,0,1,1,0,1,1,0,1,0,0,1,1,0,1,1,0.46511627906976744,1
1,1,1,0,1,0,1,0,0,0,0,1,1,0,1,0,0,1,0,0,1,0,0,0,1,0,0,0,0,1,0,1,0,0.32558139534883723,7
1,1,1,0,1,0,1,0,0,1,0,0,0,0,0,0,0,0,1,1,0,1,0,1,1,1,1,0,1,1,1,1,0,0.3953488372093023,6
0,0,0,1,0,0,0,1,0,0,1,1,1,1,0,1,1,0,0,0,0,0,1,1,1,1,1,0,0,1,1,1,0,0.27906976744186046,6
1,0,1,1,1,0,0,0,0,1,1,1,1,1,0,1,1,1,1,0,1,0,1,0,0,1,1,1,1,1,1,0,1,0.46511627906976744,9
1,0,0,0,1,1,1,1,0,0,0,1,0,0,0,0,1,1,0,0,0,1,0,1,1,0,1,0,1,1,0,0,0,0.5523255813953488,8
1,1,1,0,0,0,1,0,0,1,0,0,1,0,1,1,0,0,1,1,1,1,1,1,1,0,0,0,1,0,1,0,0,0.22674418604651161,3
1,0,1,0,0,0,1,0,1,0,1,1,1,0,0,0,0,0,1,1,0,1,1,0,1,1,1,0,1,0,0,1,0,0.21511627906976744,6
0,1,1,0,1,0,1,1,0,0,1,1,1,1,1,1,0,1,1,0,1,1,0,0,1,1,0,0,1,1,1,0,0,0.38372093023255816,8
1,1,1,1,1,1,1,0,1,1,1,1,0,0,1,1,0,0,0,0,0,0,1,0,1,1,0,0,0,1,0,1,1,0.3546511627906977,4
1,1,1,0,1,0,0,1,0,0,0,1,0,1,1,1,0,1,0,0,0,0,0,0,0,1,0,0,1,1,0,0,0,0.37209302325581395,5
1,1,0,0,1,1,0,0,1,0,0,1,1,1,0,1,0,0,1,1,1,0,0,0,0,1,1,1,0,0,0,0,1,0.42441860465116277,2
1,1,0,1,1,0,1,0,1,1,0,1,1,0,0,1,1,0,1,0,0,1,0,1,0,1,0,0,1,0,0,0,0,0.3081395348837209,9
0,0,1,0,0,1,0,1,1,1,0,0,0,1,0,1,1,0,0,1,0,0,0,1,0,1,0,1,1,0,0,1,0,0.37209302325581395,1
1,1,1,1,0,1,0,0,1,1,1,1,0,0,1,1,1,0,0,0,1,0,0,0,0,1,1,1,1,1,1,1,0,0.622093023255814,2
1,1,1,0,0,1,0,1,0,1,1,1,0,1,0,1,1,1,1,0,0,1,1,1,0,0,0,1,1,0,0,0,1,0.36627906976744184,7
0,0,0,1,1,0,1,0,0,1,0,1,0,1,1,0,0,0,0,0,1,0,0,0,1,1,0,1,0,0,0,0,0,0.27906976744186046,6
1,1,1,0,0,0,1,0,0,1,1,0,1,1,0,0,0,1,1,0,1,0,0,0,1,1,1,1,1,0,0,1,0,0.313953488372093,4
0,1,1,1,1,0,0,0,1,0,1,1,1,0,1,0,1,0,1,0,0,1,1,1,1,0,1,0,0,0,0,1,0,0.27325581395348836,9
1,0,1,1,0,0,1,0,0,1,0,0,1,0,0,0,1,0,1,0,1,1,1,0,1,0,0,1,0,1,1,1,1,0.23837209302325582,2
0,1,0,0,1,0,1,0,0,1,0,0,1,1,0,0,0,0,1,1,0,1,0,0,1,1,1,1,1,0,0,1,1,0.3488372093023256,9
1,0,0,1,1,0,1,0,0,1,0,1,1,1,0,0,1,1,1,1,1,0,1,1,0,1,0,1,1,1,0,0,0,0.5406976744186046,3
0,1,0,1,1,1,1,0,0,1,1,0,0,0,0,0,0,1,0,1,0,1,1,0,1,1,0,1,0,0,0,0,1,0.3372093023255814,6
1,0,1,0,1,1,0,0,1,1,1,0,0,0,0,1,0,1,0,1,1,1,1,0,0,1,1,1,0,1,1,0,0,0.4941860465116279,9
1,1,1,1,1,1,0,1,1,1,1,1,1,0,1,1,1,1,1,0,1,0,1,1,1,1,1,0,1,1,1,1,0,0.8430232558139535,1
0,0,1,0,1,0,0,1,1,0,0,1,1,0,1,0,1,0,0,0,1,1,1,1,1,0,0,1,1,0,0,1,0,0.38372093023255816,4
1,0,1,0,0,0,0,0,0,1,1,0,1,1,0,0,1,0,1,0,1,1,0,1,0,0,0,0,0,1,1,1,1,0.27906976744186046,4
1,0,1,0,0,1,0,1,0,0,0,0,1,0,1,1,1,1,0,1,1,0,1,0,1,0,1,0,1,1,1,0,0,0.4186046511627907,1
1,0,1,1,1,1,1,0,1,0,1,0,0,0,0,0,0,1,1,1,0,0,0,0,1,0,1,1,1,0,0,0,1,0.4418604651162791,8
0,1,1,0,0,0,0,1,1,0,0,1,1,0,1,0,0,1,1,0,0,1,0,1,1,1,1,1,0,1,0,1,1,0.29651162790697677,4
0,1,0,0,1,0,0,1,1,0,1,1,0,0,0,1,1,1,0,0,1,0,0,1,0,0,0,0,0,0,1,1,0,0.3023255813953488,5
1,0,1,0,1,0,0,0,1,1,0,0,1,0,1,0,0,1,0,0,1,0,0,1,0,1,0,1,0,1,0,1,1,0.3488372093023256,9
1,1,1,1,1,0,1,1,1,0,1,0,1,0,1,1,0,0,1,0,1,1,0,0,0,0,1,0,0,1,0,1,0,0.29651162790697677,7
1,1,1,0,0,0,0,0,0,1,0,1,0,0,1,1,1,0,1,0,0,1,0,0,0,0,0,0,0,1,0,1,1,0.3372093023255814,1
0,1,1,1,1,1,0,1,1,0,1,0,0,1,1,0,0,1,1,1,1,1,0,0,0,1,1,0,1,0,0,0,0,0.42441860465116277,4
1,1,1,0,0,0,1,0,1,0,0,1,0,1,0,1,0,1,0,0,1,1,0,0,0,0,1,1,1,0,1,0,0,0.28488372093023256,3
0,0,0,0,0,1,0,0,1,1,1,1,1,1,1,1,0,0,0,1,0,1,1,1,1,0,1,0,1,1,0,0,1,0.5290697674418605,1
1,1,0,0,1,1,0,1,0,1,1,0,0,0,1,0,1,1,1,1,0,0,0,0,1,1,1,1,1,1,1,0,0,0.6104651162790697,4
0,0,0,0,0,0,0,0,0,1,1,1,1,1,0,1,1,1,0,1,0,0,1,1,1,1,1,1,0,1,0,1,1,0.3081395348837209,9
0,1,0,1,1,1,0,1,1,0,1,0,1,1,1,1,1,1,0,1,0,1,0,0,1,0,0,1,1,1,1,0,0,0.4418604651162791,7
1,1,0,0,0,1,0,1,1,1,0,1,1,1,1,1,0,0,1,0,0,0,0,1,0,1,0,1,1,1,1,1,1,0.45348837209302323,7
0,1,1,0,0,0,1,1,0,1,0,1,0,0,1,0,0,0,0,1,0,1,0,1,1,0,1,1,1,0,1,0,0,0.22674418604651161,9
0,1,0,1,0,0,1,1,0,1,1,1,0,0,0,1,0,0,0,1,1,1,1,1,0,0,1,1,1,0,0,1,1,0.27325581395348836,7
1,1,1,1,0,1,1,0,0,0,1,1,1,0,0,0,1,0,0,0,0,0,0,0,1,1,0,1,1,1,1,1,0,0.5465116279069767,1
1,1,0,1,1,0,0,0,0,0,1,1,0,0,1,1,1,0,1,0,1,0,1,1,1,0,0,1,1,1,1,0,1,0.48255813953488375,5
1,0,1,1,1,0,1,0,1,1,0,1,1,0,1,0,1,1,0,0,1,1,1,0,0,0,1,1,0,1,1,0,1,0.48255813953488375,2
1,0,1,0,0,0,0,1,0,0,1,1,0,1,1,0,0,1,0,0,0,0,0,1,1,0,1,1,1,1,0,1,0,0.29651162790697677,7
1,1,1,0,0,1,1,1,1,0,1,0,1,0,0,0,0,1,0,0,1,1,1,1,0,0,0,1,0,1,1,1,0,0.18604651162790697,8
0,1,0,0,1,0,1,0,0,0,0,0,0,1,1,1,1,0,1,1,0,0,0,0,0,1,0,0,0,1,1,1,1,0.28488372093023256,4
1,0,1,0,1,0,0,0,0,1,0,1,0,1,0,0,1,0,1,1,0,0,1,0,1,0,0,1,1,0,1,1,1,0.47093023255813954,3
1,0,0,1,1,0,1,1,0,0,1,1,1,0,1,1,0,0,0,1,1,0,0,1,1,0,0,1,1,1,0,1,0,0.563953488372093,1
0,1,1,0,1,0,0,0,1,0,1,0,1,1,0,1,0,0,0,1,1,0,1,0,0,0,1,0,0,1,1,0,0,0.27906976744186046,8
0,0,0,1,0,0,0,1,0,1,0,1,1,0,0,1,0,0,0,1,0,0,1,0,1,1,1,1,0,1,0,1,1,0.23837209302325582,2
1,1,1,1,1,0,0,0,1,1,0,0,1,1,0,1,0,1,0,0,0,1,1,0,0,0,0,0,0,1,1,1,0,0.3313953488372093,3
0,0,1,0,1,1,1,1,1,0,1,1,0,1,0,1,1,0,1,1,1,1,1,1,1,1,1,0,0,1,0,1,0,0.4069767441860465,5
0,1,1,1,0,0,1,0,1,0,1,0,0,0,1,1,1,1,1,1,1,1,1,1,0,1,0,1,0,1,1,1,1,0.23255813953488372,2
1,1,0,1,1,0,1,0,0,0,1,1,1,1,1,1,0,1,1,1,1,1,0,1,0,1,1,0,1,0,0,0,0,0.36046511627906974,9
1,1,0,0,1,0,1,0,1,1,1,1,1,0,1,1,0,1,1,0,0,0,1,0,1,1,1,0,1,0,1,0,1,0.36627906976744184,3
1,0,1,1,1,0,0,1,0,0,0,1,0,1,1,0,0,1,1,1,1,0,0,0,1,0,1,1,0,1,1,1,1,0.19767441860465115,6
0,1,1,0,0,1,1,1,1,0,0,1,1,1,1,0,0,1,0,1,0,0,0,0,1,0,1,1,0,1,1,0,0,0.3313953488372093,4
1,1,0,0,1,1,0,1,0,0,0,1,1,0,1,0,0,1,1,0,1,0,1,1,0,0,1,1,0,1,1,0,0,0.4941860465116279,5
0,0,1,0,1,0,0,1,0,0,1,1,1,1,1,0,0,0,1,0,1,1,0,1,0,0,1,1,1,0,1,0,1,0.48255813953488375,2
1,1,0,0,1,1,1,0,0,0,1,0,1,1,0,0,0,0,0,1,1,0,1,0,0,1,0,0,0,1,0,1,1,0.313953488372093,4
1,0,0,1,0,0,1,1,0,0,0,1,0,0,0,0,1,1,0,0,0,1,0,1,1,0,1,1,1,1,0,0,1,0.42441860465116277,5
0,0,1,1,0,0,1,1,1,1,1,1,1,0,1,1,0,0,1,1,0,1,1,1,1,1,0,0,1,1,0,1,1,0.4011627906976744,5
0,1,0,1,1,1,0,1,0,1,1,1,1,0,0,1,1,1,0,0,0,0,1,0,1,0,0,1,0,1,1,0,1,0.436046511627907,3
1,0,0,0,1,0,1,1,1,1,1,1,0,0,1,1,1,1,0,0,0,1,0,1,1,1,0,1,0,0,1,1,0,0.29651162790697677,7
0,1,1,0,0,0,0,0,1,0,1,1,1,1,0,1,1,1,1,0,0,1,1,1,1,0,1,0,1,0,1,0,1,0.2616279069767442,7
0,0,1,1,1,0,0,0,0,0,0,1,1,1,0,0,0,0,0,1,1,1,1,1,1,1,1,1,1,1,1,0,0,0.42441860465116277,6
1,0,0,0,1,0,1,1,1,1,1,1,1,0,0,1,0,0,1,1,1,1,0,0,0,1,0,0,1,1,1,1,1,0.42441860465116277,8
0,1,0,0,0,0,1,1,0,0,0,1,1,1,1,1,1,0,0,0,1,1,1,1,0,0,0,1,1,0,0,0,1,0.1511627906976744,9
1,0,1,1,1,1,1,0,0,1,0,0,1,0,0,0,0,0,0,0,1,1,0,1,0,0,1,1,1,1,0,1,0,0.627906976744186,2
0,1,1,1,1,0,1,1,1,0,0,1,0,1,1,1,0,0,0,1,0,0,0,0,0,1,1,1,1,1,0,0,1,0.37209302325581395,9
1,1,0,0,1,1,1,1,0,1,1,1,0,1,0,0,0,1,0,1,0,1,0,0,1,1,1,0,1,1,1,1,0,0.627906976744186,2
0,1,1,0,0,1,1,0,1,0,1,0,1,1,1,1,1,1,0,1,1,0,1,1,1,1,1,0,0,1,0,0,0,0.28488372093023256,9
0,1,0,0,1,0,1,0,1,0,0,0,0,0,0,1,0,1,1,1,1,0,1,1,1,1,0,0,1,1,0,0,1,0.3546511627906977,4
0,1,1,0,0,0,1,0,1,0,0,1,0,1,0,1,1,1,1,1,1,0,1,0,1,0,1,0,0,1,1,0,0,0.22093023255813954,3
1,1,0,1,1,0,1,0,1,0,0,1,0,0,0,0,0,1,0,0,0,0,0,1,0,0,0,1,1,1,1,1,1,0.5232558139534884,2
0,0,1,0,0,1,0,0,0,0,1,0,1,1,0,1,0,0,0,1,0,1,1,1,0,1,1,0,1,1,1,1,0,0.26744186046511625,6
0,1,1,0,1,0,1,1,1,1,0,0,0,0,1,1,0,0,0,0,1,0,1,1,0,1,0,1,0,1,0,0,0,0.36627906976744184,4
0,0,1,0,0,0,0,0,0,0,1,1,1,1,1,1,1,1,0,0,0,0,1,1,0,0,0,0,1,1,1,0,1,0.313953488372093,5
1,0,0,1,1,0,0,0,1,0,1,0,1,0,1,0,1,0,0,0,0,0,1,1,0,0,1,1,0,1,1,1,0,0.3430232558139535,1
0,0,0,0,0,0,0,0,1,1,0,1,0,1,0,1,1,0,1,0,0,1,0,0,1,1,0,1,1,1,1,0,1,0.37209302325581395,7
0,0,0,1,1,0,0,0,1,0,1,1,0,0,0,0,0,0,1,1,1,1,0,1,1,1,0,1,0,1,0,0,0,0.3430232558139535,6
0,1,1,0,0,0,1,0,0,1,1,0,0,0,0,0,1,0,0,0,0,1,0,0,0,0,0,1,1,1,0,0,1,0.36627906976744184,5
0,0,0,0,0,0,0,1,0,0,1,1,0,0,1,1,1,1,1,1,0,1,0,1,1,1,1,0,1,0,1,0,1,0.2441860465116279,8
1,1,1,1,0,1,0,1,1,1,1,0,0,1,0,0,0,1,0,1,0,0,1,1,1,0,1,1,1,1,0,0,0,0.47674418604651164,6
1,0,0,1,1,1,0,0,0,0,1,0,0,1,1,0,1,0,0,0,0,1,0,0,0,0,1,1,0,1,0,0,0,0.48255813953488375,1
1,1,0,0,0,0,1,0,1,0,1,0,0,1,0,0,1,1,1,0,1,1,0,1,1,0,0,1,0,1,1,0,0,0.14534883720930233,8
1,0,0,0,1,1,1,1,0,0,1,0,1,0,1,0,1,1,1,1,0,1,0,1,1,0,1,0,0,0,0,0,1,0.3313953488372093,9
1,1,1,1,0,1,0,1,0,0,0,1,0,1,1,0,0,0,0,1,1,0,0,1,1,1,0,1,1,1,0,1,1,0.45348837209302323,5
0,1,1,0,1,1,0,0,0,1,1,0,1,0,1,1,0,0,1,0,0,1,1,0,1,1,0,0,0,1,0,0,0,0.3313953488372093,9
0,1,1,0,0,0,0,1,1,1,1,1,0,1,0,0,1,1,0,1,0,0,1,0,1,1,0,0,1,1,1,0,1,0.4127906976744186,2
1,1,0,0,0,0,0,1,0,0,1,1,0,1,1,0,1,0,1,1,0,1,0,1,1,1,0,1,1,1,1,0,0,0.42441860465116277,4
1,1,1,1,1,1,1,0,1,0,1,0,0,1,0,0,0,0,1,0,0,1,0,1,0,0,0,0,0,0,0,1,0,0.3081395348837209,1
1,1,1,1,1,1,0,1,1,1,1,1,0,0,0,0,0,0,0,0,1,0,1,0,1,0,1,0,0,1,1,1,0,0.4186046511627907,1
1,1,1,1,1,0,1,0,1,0,1,0,1,0,1,0,0,0,0,1,1,0,0,0,1,0,1,1,1,0,1,0,0,0.38953488372093026,4
1,1,1,0,1,1,0,0,1,0,0,0,0,0,0,1,1,0,0,0,1,1,0,0,1,0,0,0,1,1,1,1,1,0.3372093023255814,9
1,0,1,0,1,0,0,0,0,0,1,1,1,0,1,0,1,1,1,0,1,1,1,0,1,0,0,1,1,1,0,0,1,0.5232558139534884,5
1,0,1,0,1,1,1,1,0,0,1,1,1,1,1,0,1,0,1,1,0,0,0,1,1,1,1,1,1,0,0,0,1,0.5290697674418605,5
0,1,0,1,1,1,1,1,0,0,1,1,1,0,0,0,0,1,0,1,1,0,1,1,1,0,1,1,0,0,0,1,1,0.45348837209302323,1
0,0,0,0,0,1,0,0,1,0,1,0,1,1,1,0,1,1,0,1,0,1,1,1,0,0,0,1,1,0,1,0,0,0.2558139534883721,5
0,1,1,1,1,0,0,0,1,1,0,0,1,1,1,0,0,0,0,0,0,0,0,1,0,0,0,0,0,1,1,1,1,0.3081395348837209,6
1,0,0,1,1,1,0,1,0,0,1,1,0,1,1,0,0,0,1,1,0,0,1,1,0,1,0,0,0,0,0,0,1,0.3023255813953488,5
1,0,0,0,1,0,0,1,0,1,1,0,0,0,1,0,1,1,1,0,0,0,1,1,0,1,1,1,0,0,0,0,1,0.3488372093023256,3
0,1,1,1,1,1,0,0,0,1,1,1,1,0,1,0,1,1,1,0,0,1,1,1,0,0,1,1,1,1,0,0,0,0.6162790697674418,2
1,0,1,1,1,0,0,1,1,0,1,1,1,1,0,0,0,0,1,0,1,1,0,1,0,0,1,0,0,0,1,0,0,0.29651162790697677,6
1,1,0,0,0,0,0,0,0,1,0,0,0,0,0,1,1,1,1,0,0,0,0,0,0,1,1,1,0,0,1,0,1,0.22674418604651161,6
0,1,1,1,1,0,0,0,1,0,1,1,0,1,1,1,1,1,1,0,1,1,1,1,0,0,1,1,0,1,1,0,1,0.37209302325581395,5
1,1,1,0,0,0,1,0,0,1,1,1,0,1,0,0,0,1,1,0,0,0,1,0,0,0,1,1,1,1,1,1,0,0.4011627906976744,3
1,1,1,0,1,0,1,1,0,1,1,1,0,0,1,0,0,0,0,1,1,1,1,1,0,0,1,1,1,0,1,0,0,0.5290697674418605,1
1,0,0,0,1,1,0,1,0,1,1,0,1,1,1,1,0,1,0,0,1,1,0,1,0,1,1,1,0,1,0,0,1,0.5290697674418605,6
0,0,0,1,1,0,0,0,1,0,1,0,1,1,0,0,0,1,1,0,0,0,0,1,1,0,0,1,1,0,1,1,1,0.27906976744186046,8
1,0,0,1,1,0,1,1,1,1,1,0,0,1,1,1,1,1,0,1,1,1,0,1,1,0,0,1,1,0,0,0,0,0.4069767441860465,5
0,0,0,1,1,1,1,1,0,1,0,0,1,1,0,0,1,1,0,1,1,1,1,1,1,0,0,1,1,1,0,0,0,0.5,4
0,0,1,1,0,0,1,1,0,0,1,1,1,0,1,1,1,1,0,0,1,1,1,1,1,1,0,1,1,1,0,0,1,0.3953488372093023,8
0,0,0,0,1,0,0,1,1,0,0,0,0,1,1,1,1,1,1,0,0,1,1,0,1,0,0,1,1,0,0,0,1,0.313953488372093,6
0,1,0,1,1,1,1,1,0,1,1,0,0,1,0,0,0,0,1,1,1,0,1,1,1,1,1,0,0,0,1,1,1,0.313953488372093,4
1,0,1,0,1,0,0,0,1,0,1,0,0,1,0,1,0,0,0,0,1,1,1,1,0,1,1,1,0,0,0,0,0,0.28488372093023256,9
0,1,0,0,1,1,0,1,0,0,1,0,0,0,0,1,0,1,1,1,1,0,1,0,1,0,1,0,1,0,0,0,0,0.3546511627906977,5
0,1,1,0,0,1,0,1,0,1,0,1,1,0,1,0,0,0,0,0,1,1,1,1,1,0,0,1,1,1,0,1,1,0.3081395348837209,7
0,1,1,1,1,0,1,1,0,0,1,0,1,0,1,0,1,0,0,1,1,1,0,1,1,0,0,0,1,0,1,0,0,0.3081395348837209,5
1,1,1,0,1,1,1,1,0,1,1,0,0,0,0,1,1,1,1,0,0,0,1,1,0,1,1,1,1,0,0,1,0,0.5348837209302325,9
1,1,0,0,1,1,0,0,0,0,0,1,1,0,0,1,1,1,0,0,0,0,1,0,1,1,0,1,0,0,1,1,1,0.37209302325581395,9
1,1,1,0,0,0,1,0,0,1,1,0,0,1,0,1,1,0,1,0,1,1,0,1,0,1,0,0,1,0,0,0,1,0.26744186046511625,6
0,0,1,0,1,1,1,0,0,0,0,0,1,0,1,1,0,0,0,1,1,1,1,0,0,1,0,0,0,1,1,0,0,0.3430232558139535,2
1,1,0,1,1,1,1,1,1,1,1,0,0,1,0,0,0,0,0,0,0,0,0,0,0,0,0,1,1,0,1,1,0,0.4011627906976744,8
0,1,0,0,1,0,1,1,1,0,1,0,0,0,1,1,0,0,1,1,1,1,1,0,1,1,1,0,0,0,1,1,0,0.28488372093023256,9
1,1,0,1,1,1,1,1,0,0,0,0,1,1,1,0,0,0,1,1,0,0,0,0,1,0,1,1,0,0,1,0,1,0.32558139534883723,2
0,0,0,1,0,0,1,0,0,1,1,0,1,1,0,1,0,0,0,0,1,1,1,0,0,1,0,0,0,1,1,1,0,0.22093023255813954,8
0,1,0,0,1,0,0,0,0,0,1,1,0,1,1,0,1,0,0,0,1,1,1,0,1,1,0,0,1,0,0,0,1,0.37209302325581395,3
1,0,1,0,1,0,0,1,0,1,0,1,0,0,0,1,1,1,0,1,1,1,0,0,0,0,0,0,1,0,1,1,0,0.37209302325581395,4
1,0,1,0,0,0,0,0,1,0,0,1,0,0,0,0,0,1,0,0,0,0,1,0,1,1,1,1,0,1,1,0,1,0.28488372093023256,1
0,0,1,0,0,0,0,0,0,0,1,1,1,1,1,0,1,1,0,0,1,1,0,0,0,1,1,0,1,1,0,1,1,0.4127906976744186,2
0,1,0,0,1,0,1,0,1,0,0,1,0,1,0,0,0,0,1,0,0,1,1,1,0,1,1,1,1,0,1,0,0,0.3372093023255814,4
1,0,1,0,0,0,0,0,0,1,0,1,0,1,1,1,1,1,0,1,0,1,0,1,1,1,1,1,1,1,0,1,0,0.5290697674418605,4
0,0,1,1,1,1,1,1,0,0,0,1,1,1,0,1,0,1,1,1,0,1,0,1,1,1,0,0,1,1,0,0,1,0.5174418604651163,1
1,1,0,1,0,1,1,1,1,1,1,0,0,1,0,0,1,1,1,1,1,1,1,0,1,0,0,0,0,1,0,1,1,0.3023255813953488,8
1,0,0,1,1,1,0,1,1,1,1,1,1,1,1,0,0,1,0,0,1,0,1,0,0,0,1,0,1,0,1,1,1,0.45930232558139533,9
0,1,0,0,1,0,1,1,1,0,1,1,1,1,0,1,1,1,0,1,0,1,1,1,1,0,0,1,1,1,0,0,1,0.563953488372093,2
1,0,1,0,0,1,0,1,0,1,1,1,0,1,0,1,0,1,1,0,1,1,0,0,1,0,1,1,1,0,1,0,0,0.43023255813953487,5
0,1,1,1,1,0,1,1,1,1,0,0,1,0,1,0,0,1,0,0,1,0,0,0,0,0,0,1,0,1,1,1,1,0.37790697674418605,2
1,1,0,1,1,1,0,0,0,0,0,0,0,0,1,0,0,1,1,1,0,1,0,0,0,1,1,0,0,1,0,1,1,0.37790697674418605,6
1,0,0,0,1,0,0,1,0,1,0,1,0,1,0,0,0,1,1,0,1,1,0,1,1,1,0,1,1,1,1,1,0,0.5174418604651163,7
1,0,0,1,1,0,1,1,0,0,0,1,1,1,1,1,1,1,0,0,1,0,1,1,1,1,0,1,0,1,1,0,1,0.37209302325581395,8
0,0,0,0,1,0,0,0,1,1,0,0,1,1,1,1,0,0,0,1,1,0,0,0,1,1,0,1,1,0,0,1,0,0.37790697674418605,3
1,0,0,1,1,0,0,0,0,1,0,1,1,1,0,0,0,1,0,1,1,1,0,0,0,1,0,1,1,1,0,1,0,0.5348837209302325,7
0,1,1,1,0,1,1,0,0,1,0,1,1,1,1,0,1,0,0,1,1,0,0,0,1,1,0,1,0,1,1,1,0,0.4069767441860465,2
1,0,1,0,0,1,0,1,1,1,1,0,0,0,0,0,1,1,0,0,0,0,0,0,1,1,1,1,0,0,1,0,1,0.29069767441860467,5
0,1,1,1,1,1,1,0,0,1,0,0,1,1,1,1,1,0,0,1,0,0,1,0,0,0,1,0,0,1,0,1,0,0.37209302325581395,1
1,1,0,1,0,0,1,0,1,0,0,1,1,1,1,0,1,1,1,0,1,0,0,1,1,0,0,1,1,1,1,1,1,0.313953488372093,8
1,0,0,0,0,0,0,0,1,0,0,0,1,1,0,0,1,1,0,0,1,0,0,0,1,0,1,1,1,1,0,0,0,0.3546511627906977,1
0,1,0,0,1,0,0,1,1,1,0,1,0,1,1,0,1,1,0,1,1,1,1,1,0,0,1,1,0,0,0,1,0,0.32558139534883723,4
0,1,0,1,0,1,1,0,1,1,0,0,0,0,0,0,1,0,1,1,0,0,1,0,0,1,0,0,1,1,0,1,0,0.3430232558139535,4
1,1,0,0,0,1,1,1,1,1,1,0,1,1,0,0,1,1,0,1,1,0,0,1,0,0,1,0,1,1,0,1,0,0.4476744186046512,6
0,0,0,0,0,0,1,1,0,1,1,1,0,0,0,1,0,0,1,1,0,1,1,1,0,0,0,1,0,1,0,0,1,0.37209302325581395,3
0,0,0,0,0,1,0,0,1,0,1,1,0,0,1,1,1,1,0,0,1,0,1,1,0,0,0,1,1,1,1,1,1,0.4011627906976744,6
0,0,0,0,1,0,1,0,1,0,0,0,0,1,0,0,0,1,0,1,0,0,1,1,1,1,0,0,1,0,0,0,1,0.3081395348837209,6
0,0,0,0,1,1,1,1,0,0,1,0,0,0,1,0,0,1,0,0,1,0,1,0,1,1,1,1,1,0,0,0,0,0.46511627906976744,5
1,0,0,1,1,1,1,0,0,0,1,1,0,1,1,0,0,0,0,0,1,0,1,0,0,1,1,1,0,0,0,0,1,0.43023255813953487,3
0,1,0,0,0,0,1,0,1,0,1,1,1,1,0,1,1,1,1,0,0,0,0,0,0,0,0,1,1,1,1,0,1,0.26744186046511625,9
1,0,0,0,0,1,1,0,0,0,0,1,0,0,0,0,0,1,0,0,0,1,0,0,0,0,0,1,0,1,0,1,1,0.3081395348837209,6
0,0,0,1,1,0,0,0,1,0,0,0,0,0,1,1,0,0,1,1,0,1,0,1,1,1,0,0,0,0,1,0,1,0.22093023255813954,8
0,0,0,0,0,1,0,1,0,1,0,0,0,1,0,1,1,1,0,1,0,1,1,0,0,1,1,1,1,1,0,1,0,0.436046511627907,9
0,0,1,0,0,1,1,0,0,0,0,1,1,0,0,1,1,1,1,1,1,1,1,1,0,0,1,1,0,1,0,1,0,0.38372093023255816,4
0,1,1,1,0,1,1,0,0,0,0,1,1,1,1,1,0,1,0,0,1,0,1,1,0,0,0,0,1,0,0,0,1,0.18604651162790697,3
1,0,1,0,1,0,1,0,0,0,0,1,0,1,0,0,1,0,1,0,0,1,1,1,1,0,1,0,0,0,0,0,1,0.28488372093023256,9
1,1,0,1,0,1,0,0,1,1,1,0,0,0,1,0,0,0,0,0,0,1,1,1,0,0,0,0,1,1,1,0,1,0.23255813953488372,7
1,0,1,1,1,1,1,1,1,1,1,1,0,1,0,1,0,0,0,1,1,1,0,1,0,1,1,1,0,1,0,0,0,0.4418604651162791,9
0,1,1,0,1,1,0,0,1,1,1,1,1,1,1,1,0,1,0,1,1,0,1,0,1,0,1,0,0,1,1,0,0,0.3430232558139535,4
0,0,1,0,1,1,0,0,0,0,0,0,1,1,0,0,0,1,0,1,0,1,0,1,0,0,1,1,0,1,1,0,0,0.4186046511627907,2
1,1,0,1,0,1,1,1,0,1,0,1,1,0,0,1,1,1,1,1,0,0,0,1,0,1,0,1,0,0,0,1,1,0.32558139534883723,8
1,1,1,0,0,0,0,1,1,1,0,0,1,1,0,0,0,1,0,0,1,1,0,1,1,1,0,1,0,1,1,0,1,0.22674418604651161,7
0,0,0,0,1,1,1,1,1,1,0,1,0,0,1,0,1,1,0,1,1,0,0,0,0,1,0,0,1,0,0,1,0,0.3488372093023256,7
0,0,1,1,0,1,1,0,0,1,0,0,0,1,0,1,0,1,1,0,1,0,1,1,1,1,1,1,0,0,0,0,0,0.27325581395348836,3
0,1,1,0,1,1,1,0,0,0,1,1,1,0,1,0,1,1,1,1,0,1,1,1,1,0,0,0,0,1,0,1,1,0.4011627906976744,4
1,0,1,1,0,1,0,1,1,1,1,1,0,0,0,0,0,0,1,1,1,1,1,0,0,1,0,1,1,0,1,0,0,0.3430232558139535,7
1,0,1,0,0,1,1,0,0,1,1,1,0,0,0,1,1,1,0,1,1,1,0,1,1,1,1,1,0,1,1,0,1,0.563953488372093,3
1,1,0,0,0,0,1,1,1,1,0,0,1,1,1,0,0,1,0,1,1,1,0,0,0,1,0,0,1,0,0,0,1,0.23255813953488372,4
0,0,1,0,1,1,0,1,1,1,0,0,1,1,1,0,0,0,0,0,0,1,1,1,1,1,0,1,1,1,1,1,1,0.4476744186046512,4
1,1,0,0,1,1,0,1,0,0,0,1,1,0,0,0,0,0,0,1,1,0,1,0,0,0,0,1,1,0,1,0,0,0.4476744186046512,4
1,0,0,0,0,0,0,1,1,0,1,1,0,0,0,1,0,1,0,1,0,1,1,0,0,0,0,1,1,0,1,0,0,0.23255813953488372,5
1,0,1,0,0,0,1,0,1,1,1,1,0,1,1,0,0,1,1,0,0,0,1,0,0,0,1,0,1,1,0,1,1,0.3372093023255814,1
1,1,1,0,0,0,0,0,0,1,1,0,1,0,0,1,1,0,0,0,1,0,0,1,0,1,1,0,0,1,1,1,0,0.32558139534883723,5
0,0,0,0,1,1,0,1,0,0,0,0,1,1,1,1,1,1,0,1,0,0,0,1,0,0,1,0,1,0,0,0,0,0.38953488372093026,4
0,0,0,0,1,0,0,1,1,0,0,0,0,0,0,0,1,0,1,0,0,0,0,1,0,0,0,1,0,1,1,0,0,0.2558139534883721,9
0,1,0,0,1,1,1,0,1,0,0,0,1,0,1,0,1,1,0,0,1,0,0,0,1,1,1,0,1,1,1,0,1,0.45348837209302323,3
0,0,1,0,1,1,0,0,1,0,0,0,1,1,1,1,1,0,0,1,0,1,1,0,0,1,1,1,0,1,0,1,1,0.38372093023255816,6
1,0,0,1,0,0,0,1,1,0,0,0,1,0,0,1,0,0,0,1,0,0,1,1,1,1,1,1,1,1,0,0,0,0.28488372093023256,5
0,1,1,1,0,1,1,0,0,0,1,1,0,1,0,1,0,1,1,1,1,1,0,0,1,1,0,1,0,0,0,1,1,0.23255813953488372,8
0,0,1,1,1,0,0,0,0,0,0,1,1,1,1,0,0,0,0,0,1,0,1,1,1,0,0,0,0,0,1,1,1,0.3372093023255814,1
1,1,0,0,0,0,0,0,0,0,0,1,1,1,0,1,1,0,0,0,0,1,1,1,1,1,1,1,1,0,1,1,0,0.2441860465116279,8
0,0,1,0,1,1,0,1,0,0,1,0,1,1,1,0,0,0,0,1,1,0,1,0,0,0,0,0,1,1,1,0,0,0.38953488372093026,2
0,0,0,1,1,1,1,0,1,1,0,1,1,1,1,1,0,1,0,1,0,1,1,1,1,0,1,1,1,1,0,0,1,0.4418604651162791,8
1,0,0,1,1,1,1,0,1,1,1,1,1,1,0,1,1,1,0,0,0,1,1,0,1,0,0,1,1,0,0,1,1,0.43023255813953487,8
1,1,0,0,1,1,0,0,1,1,0,0,0,0,1,1,0,1,1,0,1,0,1,0,0,1,0,0,1,0,0,1,0,0.436046511627907,4
0,1,0,1,1,0,1,1,1,0,1,1,1,0,1,0,1,0,0,0,1,0,0,1,1,1,0,0,0,0,1,0,1,0.29651162790697677,5
0,1,0,0,1,0,1,0,0,0,0,0,0,0,0,1,0,1,1,1,1,0,0,1,1,1,1,0,0,1,1,0,0,0.27906976744186046,6
0,0,0,0,1,1,1,1,0,1,0,1,1,0,1,0,1,1,1,1,0,1,0,0,0,1,0,0,1,0,0,0,1,0.36627906976744184,7
0,1,1,1,1,1,1,0,0,1,1,0,0,1,0,0,0,1,1,1,1,1,1,0,1,1,1,0,1,0,0,0,0,0.5232558139534884,4
0,1,1,0,1,0,1,0,1,0,1,1,1,0,0,1,1,0,1,0,0,1,0,1,0,0,1,1,1,1,1,0,1,0.45930232558139533,7
1,1,0,1,1,0,1,0,0,1,1,1,0,1,0,1,0,1,0,0,0,0,0,0,0,0,0,1,0,0,1,1,1,0.2558139534883721,8
1,1,1,0,1,0,1,0,1,0,1,0,1,0,1,1,1,1,1,0,0,0,0,0,0,0,1,0,0,1,1,0,0,0.29651162790697677,9
0,1,1,1,1,0,1,0,0,1,1,1,1,0,0,1,0,0,0,1,1,1,1,0,0,0,0,0,1,0,0,0,1,0.42441860465116277,3
1,1,0,0,1,0,0,0,0,0,1,0,0,1,0,0,1,1,0,0,0,0,1,1,0,0,0,0,1,0,1,1,0,0.28488372093023256,2
0,1,1,1,0,1,0,0,1,0,0,1,0,0,0,1,0,0,1,1,1,0,0,1,0,1,1,0,0,1,1,0,1,0.27325581395348836,9
0,1,1,1,1,0,1,0,0,0,0,1,1,0,0,0,0,1,1,1,0,1,1,1,1,1,0,1,1,1,0,1,1,0.47674418604651164,2
1,1,0,0,1,1,0,0,1,1,0,0,0,0,1,0,1,0,1,0,0,1,0,1,1,1,1,0,1,1,0,0,1,0.5,8
0,0,1,0,0,1,0,0,0,1,1,1,0,1,1,1,0,1,1,1,1,0,0,1,1,0,1,1,1,0,1,0,1,0.3953488372093023,2
1,0,0,0,1,1,0,0,0,0,0,0,0,0,1,0,1,1,0,0,1,1,1,0,1,0,1,1,1,0,1,0,0,0.4476744186046512,8
0,1,1,1,0,1,0,0,0,1,0,1,0,0,1,0,0,0,1,0,0,1,1,0,1,0,1,0,1,1,0,1,1,0.31976744186046513,3
0,1,0,1,0,1,0,1,1,1,0,0,1,0,1,0,0,1,0,1,0,1,1,1,0,1,0,0,1,0,0,0,1,0.26744186046511625,6
1,0,1,1,1,1,0,1,1,0,0,0,0,1,1,1,1,1,0,1,0,0,0,0,0,1,0,1,1,0,1,1,0,0.4127906976744186,9
0,0,0,0,0,1,1,0,1,1,1,1,1,0,1,0,1,0,1,0,0,1,1,0,1,0,0,1,0,1,1,0,0,0.47093023255813954,3
0,1,0,1,1,0,1,0,0,0,1,1,0,0,1,0,0,1,1,0,1,0,1,1,0,1,0,0,0,0,1,1,1,0.3023255813953488,3
1,0,0,0,1,0,1,1,0,1,1,1,0,0,0,0,1,0,0,1,1,1,0,1,1,0,1,0,1,0,0,0,1,0.3488372093023256,8
0,0,1,0,1,1,1,0,0,0,1,1,0,0,1,0,0,0,1,0,0,0,0,0,1,1,0,0,0,0,0,0,0,0.2441860465116279,7
1,0,0,1,1,1,1,0,1,1,0,0,1,1,0,1,1,0,0,0,0,0,1,1,0,1,0,0,0,1,1,1,1,0.3372093023255814,9
